component,var_name,var_value,component_mean,component_std
dim_11,ATBR10C,1,0.23964777378473306,0.1914452164706102
dim_11,ATBR10C,2,-0.048824436695349506,0.21771393038776282
dim_11,ATBR10C,3,-0.3495393683508157,0.17129153205823064
dim_11,ATBR10C,4,-0.7012152694408196,0.005881054523933509
dim_11,ATBR09E,1,0.2732011652668222,0.21027992743019885
dim_11,ATBR09E,2,0.022368474698531024,0.2109697372918757
dim_11,ATBR09E,3,-0.19709493505632958,0.20466878888323983
dim_11,ATBR09E,4,-0.48409872623333583,0.13080665264037133
dim_11,ATBR09C,1,0.20519832787152534,0.19507402113922706
dim_11,ATBR09C,2,0.16925612339698706,0.20786318907008083
dim_11,ATBR09C,3,-0.23323647820887533,0.23050299716325376
dim_11,ATBR09C,4,-0.3617405674152083,0.032987763088574
dim_11,ATBR10J,1,0.3659151426567947,0.2507228233484615
dim_11,ATBR10J,2,0.07784187872653398,0.19885305261005404
dim_11,ATBR10J,3,-0.2265932662084186,0.24683866169575788
dim_11,ATBR10J,4,-0.4105962519391734,0.1341032409256911
dim_11,ATBR10F,1,0.2243172233812131,0.22632383258943659
dim_11,ATBR10F,2,0.13535418816819614,0.22206163275619134
dim_11,ATBR10F,3,-0.24838486524601244,0.21471410271981817
dim_11,ATBR10F,4,-0.3893709177597519,0.007295167742427974
dim_11,ATBR10I,1,0.27348106689346485,0.23442173877848016
dim_11,ATBR10I,2,0.04390557889033578,0.22049726965814362
dim_11,ATBR10I,3,-0.2919683035465482,0.20085613297513982
dim_11,ATBR10I,4,-0.5208712766124006,0.15246541302462174
dim_11,ATBR10A,1,0.15382608423640398,0.2280850298348105
dim_11,ATBR10A,2,-0.12076683460593084,0.22665286132395018
dim_11,ATBR10A,3,-0.47316299425856967,0.12372410434151074
dim_11,ATBR09D,1,0.2242587686029671,0.23041703954727796
dim_11,ATBR09D,2,0.03623657376812399,0.22481332556732309
dim_11,ATBR09D,3,-0.3061087705450314,0.20000340647598
dim_11,ATBR09G,1,0.322307131860403,0.2233280753228014
dim_11,ATBR09G,2,0.059581323102498564,0.22125971800359087
dim_11,ATBR09G,3,-0.12970720801323354,0.2319256270105629
dim_11,ATBR09G,4,-0.5300228238688791,0.12257884698441456
dim_11,ATBR10G,1,0.22484167681087008,0.21519490399483382
dim_11,ATBR10G,2,0.054795701834322925,0.23908135673070416
dim_11,ATBR10G,3,-0.27396378350011197,0.205425221884987
dim_11,ATBR10G,4,-0.5208712766124006,0.15246541302462174
dim_11,ATBR09F,1,0.29874883272482,0.19492671394022063
dim_11,ATBR09F,2,0.031149935011333472,0.24216282303764652
dim_11,ATBR09F,3,-0.13908375873607026,0.2235907016093605
dim_11,ATBR09F,4,-0.39730384075570213,0.28208972900350393
dim_11,ATBR10B,1,0.23773986869265198,0.1944760946762677
dim_11,ATBR10B,2,-0.021973786463204845,0.25252890269386685
dim_11,ATBR10B,3,-0.42591972965859354,0.1732100390072123
dim_11,ATBR08E,1,0.19736641594822316,0.2375348878370716
dim_11,ATBR08E,2,-0.020397782941251053,0.2520073852193948
dim_11,ATBR08E,3,-0.4029327329133793,0.12488929773328938
dim_11,ATBR08E,4,-0.3824210963645173,0.18233895297150796
dim_11,ATBR11B,1,0.20111921966237667,0.23459831192646277
dim_11,ATBR11B,2,-0.024218156092099825,0.23346556912196031
dim_11,ATBR11B,3,-0.3294859769184684,0.27185160378928236
dim_11,ATBR11B,4,-0.3954145859491526,0.0044149541836005024
dim_11,ATBR11C,1,0.28634643527395254,0.22005985232929012
dim_11,ATBR11C,2,0.09870106793490578,0.22171215578773612
dim_11,ATBR11C,3,-0.1990586528874524,0.261605815632118
dim_11,ATBR11C,4,-0.15795290873675094,0.279781907628416
dim_11,ATBR08G,1,0.3129580327553058,0.23238211430661757
dim_11,ATBR08G,2,0.008403334918886231,0.22592111054247974
dim_11,ATBR08G,3,-0.21757903992180821,0.2723259862989636
dim_11,ATBR08G,4,-0.06762102158334049,0.004955447185175732
dim_11,ATBR11A,1,0.3410256615846012,0.2537262643849314
dim_11,ATBR11A,2,0.0845709738923738,0.24611050928633765
dim_11,ATBR11A,3,-0.1455318669052064,0.24650730062189122
dim_11,ATBR11A,4,-0.6022809714664085,0.10771174662986169
dim_11,ATBR10E,1,0.3115558222554935,0.1830464045030995
dim_11,ATBR10E,2,0.08781526449453053,0.21231559206864606
dim_11,ATBR10E,3,-0.12187572244091831,0.2838237648124337
dim_11,ATBR10E,4,-0.5208712766124006,0.15246541302462174
dim_11,ATBR09A,1,0.2915475009843526,0.22922941528376506
dim_11,ATBR09A,2,0.10665402860760623,0.1742509424423718
dim_11,ATBR09A,3,-0.14202304335205085,0.2759459196093026
dim_11,ATBR08B,1,0.11041509405362304,0.2030713780641935
dim_11,ATBR08B,2,0.03251290382334769,0.3059628353164803
dim_11,ATBR08B,3,-0.19342262207286623,0.2580902029386647
dim_11,ATBR08B,4,-0.48611937679859724,0.1423662101354364
dim_11,ATBR10D,1,0.2329748298581174,0.2067520301487349
dim_11,ATBR10D,2,0.023059935147377083,0.23695600242281006
dim_11,ATBR10D,3,-0.21000547567087832,0.30037161855284644
dim_11,ATBR08F,1,0.12946359323205342,0.27185805429230164
dim_11,ATBR08F,2,-0.048621607369307096,0.2664189927986254
dim_11,ATBR08F,3,-0.36184737090586616,0.1363083676625844
dim_11,ATBR08F,4,-0.11050590325488831,0.004437497213143661
dim_11,ATBR18A,1,0.10475904449571864,0.2604331099387825
dim_11,ATBR18A,2,-0.24085013197988306,0.2431559933994556
dim_11,ATBR07AB,1,0.20396628084927354,0.07590996892228684
dim_11,ATBR07AB,2,0.03261964351130372,0.21852682265615092
dim_11,ATBR07AB,3,0.1136695775819134,0.2788408647324712
dim_11,ATBR07AB,4,-0.23549413510466383,0.2563268925011933
dim_11,ATBR07BC,1,0.25488349944077004,0.21039215905260156
dim_11,ATBR07BC,2,0.09360130292320669,0.2677314773808659
dim_11,ATBR07BC,3,-0.10357853719562085,0.2627501589473695
dim_11,ATBR07BC,4,-0.2648856106155769,0.268377479314761
dim_11,ATBR09I,1,0.25056074082668595,0.30284386907983685
dim_11,ATBR09I,2,0.22512234790702992,0.1395192825830972
dim_11,ATBR09I,3,-0.07987466001977706,0.2926046927623417
dim_11,ATBR09I,4,-0.1815396548860501,0.1779450002491413
dim_11,ATBR08D,1,0.17669635896030875,0.2604975775104107
dim_11,ATBR08D,2,-0.029828423455294663,0.27695194095543363
dim_11,ATBR08D,3,-0.17445600770306224,0.1748369674988695
dim_11,ATBR08D,4,-0.2645777242548146,0.3460721307838849
dim_11,ATBR18D,1,0.12681090384559415,0.28795576524230193
dim_11,ATBR18D,2,0.02616168363808287,0.26435457560488745
dim_11,ATBR18D,3,-0.33477661136111553,0.19767829835999068
dim_11,ATBR07BA,1,0.2351139492084883,0.24855973145531898
dim_11,ATBR07BA,2,0.030123980503445846,0.22898149201826332
dim_11,ATBR07BA,3,-0.1315082458777246,0.29363300782239193
dim_11,ATBR07BA,4,-0.07689158057673619,0.2516914832086905
dim_11,ATBR18C,1,0.19496615417157845,0.27399196705821105
dim_11,ATBR18C,2,-0.062005983029360535,0.25086533151676577
dim_11,ATBR18C,3,-0.3450806507584623,0.34347175003957586
dim_11,ATBR07BD,1,0.15436349016186818,0.2211986989069284
dim_11,ATBR07BD,2,0.18643207211114907,0.25085843008652653
dim_11,ATBR07BD,3,-0.09441775744514963,0.28872937451045605
dim_11,ATBR07BD,4,-0.1714095250446279,0.23458644200965453
dim_11,ATBR12EB,1,0.6066608064126003,0.005954650045773958
dim_11,ATBR12EB,2,0.23467059845450125,0.26450936356991556
dim_11,ATBR12EB,3,-0.09714804293612393,0.2466990818014071
dim_11,ATBR12EB,4,-0.06042470017115099,0.27249244392478206
dim_11,ATBR08A,1,0.09032344615491321,0.19091566652507658
dim_11,ATBR08A,2,0.06785802619788651,0.2783578389867214
dim_11,ATBR08A,3,-0.3035910179305316,0.29168105961670415
dim_11,ATBR08A,4,-0.04379598766834122,0.3560378209609476
dim_11,ATBR08H,1,0.16961940664200995,0.11853844776731358
dim_11,ATBR08H,2,0.22244325331158696,0.2940452596651542
dim_11,ATBR08H,3,-0.07389720109830725,0.2561520117038721
dim_11,ATBR08H,4,-0.11868249044244578,0.27769524602799767
dim_11,ATBR10L,1,0.11945887394601541,0.060163270611692646
dim_11,ATBR10L,2,0.2901905980017058,0.1960099473474602
dim_11,ATBR10L,3,-0.09826433404587684,0.32182743079196846
dim_11,ATBR10L,4,-0.0430118874726108,0.2396536676805428
dim_11,ATBR10H,1,0.2382548881690379,0.037806891613042674
dim_11,ATBR10H,2,0.1167545296862027,0.2870818712979462
dim_11,ATBR10H,3,-0.090900349755599,0.24609904287553772
dim_11,ATBR10H,4,-0.19514392372209227,0.3584409599558607
dim_11,ATBR09B,1,0.18970912285271696,0.13737626860702962
dim_11,ATBR09B,2,0.22487564061708282,0.31854928362825846
dim_11,ATBR09B,3,-0.05992815521213768,0.2963306790240602
dim_11,ATBR09B,4,-0.18674800081676826,0.15282001666544842
dim_11,ATBG05BC,1,-0.07234719220131614,0.005516205535457485
dim_11,ATBG05BC,2,-0.15274372000471947,0.27299131745280036
dim_11,ATBG05BC,3,0.12237238778243019,0.2674210671571017
dim_11,ATBR06E,1,0.3211624166826256,0.24677515022958046
dim_11,ATBR06E,2,0.09034134044531889,0.2301051301073594
dim_11,ATBR06E,3,-0.09785765029626567,0.29828626515009915
dim_11,ATBR06E,4,-0.1401854480713408,0.29421769463706265
dim_11,ATBG05BI,1,-0.1431702974918733,0.24615959607183258
dim_11,ATBG05BI,2,-0.013198963690185871,0.27385365731218925
dim_11,ATBG05BI,3,0.33293253334706757,0.29372484372215507
dim_11,ACBG14I,1,0.10067681648675388,0.31059738622848904
dim_11,ACBG14I,2,-0.18909075922331578,0.2712882355818765
dim_11,ACBG14I,3,0.06785328985602004,0.2645628848605253
dim_11,ACBG14I,4,0.014281480380633113,0.26041160225293475
dim_11,ACBG14I,5,-0.5283794440790329,0.006223770749364901
dim_11,ATBR07BB,2,0.2308264769284878,0.28049496081569214
dim_11,ATBR07BB,3,0.0028316614746546035,0.2742396530285787
dim_11,ATBR07BB,4,-0.13195067812445113,0.2646956503799433
dim_11,ATBG08B,1,0.14881048405451394,0.27020109368057693
dim_11,ATBG08B,2,-0.10192089884704149,0.27950079463652183
dim_11,ATBG08B,3,-0.20964743107792433,0.12166657417161846
dim_11,ATBR19,1,0.042983770971123346,0.31847290355431196
dim_11,ATBR19,2,0.20382629242257835,0.2532798248291959
dim_11,ATBR19,3,-0.10697041624224743,0.2788954564037042
dim_11,ATBR19,4,-0.3496069446279796,0.22322000116371235
dim_11,ATBR19,5,-0.028047159119273656,0.2711074176359496
dim_11,ATBR12EA,1,0.5163377611114389,0.09976795502965952
dim_11,ATBR12EA,2,0.3272335584702396,0.36619907961552534
dim_11,ATBR12EA,3,0.03843341873766609,0.2658944932890992
dim_11,ATBR12EA,4,-0.05776185626562365,0.2744950280525327
dim_11,ATBG05BJ,1,-0.11569314161678945,0.27561216386886356
dim_11,ATBG05BJ,2,0.07295702794954148,0.28922735371810626
dim_11,ATBG05BJ,3,0.3196892841228251,0.07651822051999169
dim_11,ATBG05BF,1,-0.24288145328580996,0.17207636931107687
dim_11,ATBG05BF,2,-0.005555608423708977,0.2773176765778249
dim_11,ATBG05BF,3,0.257204249109689,0.32523330149814306
dim_11,ATBR06A,1,0.097837895648956,0.2585808800022336
dim_11,ATBR06A,2,-0.025364731608355225,0.2810764063016355
dim_11,ATBR06A,3,-0.2502903029456604,0.3045469394306474
dim_11,ATBG02,1,0.05217656530869744,0.27697438521691775
dim_11,ATBG02,2,-0.28744116834476163,0.26149477885540595
dim_11,ATBR18E,1,0.48878092926995137,0.24353558239055703
dim_11,ATBR18E,2,0.052624721946107796,0.2991575166922915
dim_11,ATBR18E,3,-0.07360608420646259,0.2598912471361691
dim_11,ATBR10K,1,0.11945887394601541,0.060163270611692646
dim_11,ATBR10K,2,0.2077221415264738,0.23407570654280968
dim_11,ATBR10K,3,-0.060928118628068594,0.34138898608892715
dim_11,ATBR10K,4,-0.08608936718140618,0.23925118439460408
dim_11,ATBR18B,1,0.06257016431035549,0.28160854632689447
dim_11,ATBR18B,2,-0.15678633050532317,0.2660712381529938
dim_11,ATBR18B,3,-0.5577217876483156,0.005199086879758903
dim_11,ATBR12C,1,0.10073918231237736,0.4153987128310484
dim_11,ATBR12C,2,0.19069395416853208,0.29032388674901055
dim_11,ATBR12C,3,-0.18694039450461952,0.23331170585621866
dim_11,ATBR12C,4,-0.03850710876712976,0.24973000925158564
dim_11,ATBR09H,1,0.17405294811812905,0.2727751250046561
dim_11,ATBR09H,2,0.030372052468869305,0.2763540819599871
dim_11,ATBR09H,3,-0.10415765841567204,0.2873373332423405
dim_11,ATBR09H,4,-0.11050590325488831,0.004437497213143661
dim_11,ATBR15,1,0.04179019634184515,0.3202476307820427
dim_11,ATBR15,2,-0.11351537203714548,0.26563606922116456
dim_11,ATBR15,3,0.06791647177681422,0.28087141258657927
dim_11,ATBR15,4,-0.13681706652469108,0.05100334572939408
dim_11,ATBR15,5,-0.5398049924302822,0.16952757532035767
dim_11,ATBG07AC,1,0.08049019802414949,0.2923847203386793
dim_11,ATBG07AC,2,-0.1573591601453722,0.2503482338636967
dim_12,ACBG21D,1,-0.06928127474736002,0.20948644745758466
dim_12,ACBG21D,2,0.28446940373297636,0.19749025555693558
dim_12,ACBG21E,1,-0.06928127474736002,0.20948644745758466
dim_12,ACBG21E,2,0.28446940373297636,0.19749025555693558
dim_12,ATBR08D,1,0.03549203943617275,0.16327770207610495
dim_12,ATBR08D,2,-0.006424929536111204,0.22402057486570368
dim_12,ATBR08D,3,-0.2136107390472046,0.23857830930655635
dim_12,ATBR08D,4,0.37972825633964263,0.23450154433207193
dim_12,ATBR11E,1,0.358644768276526,0.014832588301603425
dim_12,ATBR11E,2,-0.12441659695675515,0.23401988412954258
dim_12,ATBR11E,3,-0.09135541273223172,0.21532602179708776
dim_12,ATBR11E,4,0.17904246090383497,0.19593991750965636
dim_12,ACBG21A,1,-0.08216397956834243,0.2101364556970564
dim_12,ACBG21A,2,0.21171461071941694,0.219221800392699
dim_12,ACBG21B,1,-0.06764799602722553,0.22040368520999132
dim_12,ACBG21B,2,0.2349877756735202,0.2009390789921225
dim_12,ATBR08E,1,0.029270333271327307,0.13585833343128872
dim_12,ATBR08E,2,-0.0036614304261928248,0.2311672925190975
dim_12,ATBR08E,3,-0.3424166481544304,0.26966440499786243
dim_12,ATBR08E,4,0.32248232707255675,0.3357016082576755
dim_12,ATBR12EB,1,0.01630726757577978,0.015080942142822329
dim_12,ATBR12EB,2,-0.17226177252430858,0.1037868683281245
dim_12,ATBR12EB,3,-0.18515123826243363,0.2778009135550525
dim_12,ATBR12EB,4,0.09046416467045994,0.22656528906817064
dim_12,ACBG20,1,-0.05635149155993996,0.21939600538879256
dim_12,ACBG20,2,0.21061978348696553,0.190234058363447
dim_12,ACBG20,3,0.3125013648522784,0.20820954249168977
dim_12,ATBR10G,1,0.09062672506568104,0.19591007012736242
dim_12,ATBR10G,2,-0.025860177230144433,0.2147855879713452
dim_12,ATBR10G,3,-0.11105506413164946,0.2417841741947155
dim_12,ATBR10G,4,0.6147342649460297,0.18680662551886118
dim_12,ACBG14G,1,0.05668342987379832,0.19452616610770185
dim_12,ACBG14G,2,-0.1595874233110848,0.23005252144389512
dim_12,ACBG14G,3,0.10635700320529906,0.20465347897394098
dim_12,ACBG14G,4,0.07871939225419568,0.3128212559024857
dim_12,ATBR08B,1,0.05514933955789271,0.15948448300381535
dim_12,ATBR08B,2,-0.00139255906104695,0.23266588968504215
dim_12,ATBR08B,3,-0.30952893328014686,0.23608634837388595
dim_12,ATBR08B,4,0.15825691616542667,0.3729127724849591
dim_12,ATBR12C,1,0.011326337306997674,0.16242062857280856
dim_12,ATBR12C,2,-0.16210738307255662,0.11113187767390845
dim_12,ATBR12C,3,-0.18038973411956177,0.22442441896723664
dim_12,ATBR12C,4,0.0918905762393679,0.253471110147472
dim_12,ATBR06D,1,0.358644768276526,0.014832588301603425
dim_12,ATBR06D,2,0.008704058775618216,0.1306992789759078
dim_12,ATBR06D,3,-0.07845857056546296,0.2279439347477688
dim_12,ATBR06D,4,0.17387864769504874,0.23268537534061948
dim_12,ATBR10I,1,0.06812379776989651,0.17738632128220871
dim_12,ATBR10I,2,-0.05797767175879807,0.23345573840907483
dim_12,ATBR10I,3,0.0030734971721618942,0.23818890312823057
dim_12,ATBR10I,4,0.6147342649460297,0.18680662551886118
dim_12,ATBR10F,1,0.07733679114412652,0.2102612938381656
dim_12,ATBR10F,2,-0.07653142694137686,0.1815078423418001
dim_12,ATBR10F,3,0.00754875847374412,0.27126440442140176
dim_12,ATBR10F,4,0.5316235996049864,0.23445787878858826
dim_12,ATBR11B,1,0.04139313822862454,0.21280275568899049
dim_12,ATBR11B,2,-0.012482545479621517,0.21894290340393385
dim_12,ATBR11B,3,-0.1313605598412827,0.26759668333783015
dim_12,ATBR11B,4,0.7681583659429998,0.014928388159581554
dim_12,ATBR12EC,2,-0.1369769982876671,0.13750708720251625
dim_12,ATBR12EC,3,-0.19698914645808077,0.22858412239877762
dim_12,ATBR12EC,4,0.07184384002314079,0.2331813305689245
dim_12,ATBR07BB,2,-0.07117643097363936,0.1270297975846211
dim_12,ATBR07BB,3,-0.08503294628073627,0.24328357256522032
dim_12,ATBR07BB,4,0.15106384556386046,0.24078440799883286
dim_12,ATBG03,2,0.18084564852485344,0.13756857747169213
dim_12,ATBG03,3,0.08117201945922466,0.22949017776390299
dim_12,ATBG03,4,0.05499363233569504,0.2311608751293616
dim_12,ATBG03,5,-0.14508146762298288,0.23857766591125304
dim_12,ATBG03,6,-0.14187269303246508,0.0210692725018869
dim_12,ATBR19,1,0.07736756533120488,0.1365053596849348
dim_12,ATBR19,2,0.09334497218197532,0.20514915071607148
dim_12,ATBR19,3,-0.2392873961835042,0.27556897895399024
dim_12,ATBR19,4,-0.19459157466532362,0.2277489354274755
dim_12,ATBR19,5,0.02238091719355678,0.23754168919579674
dim_12,ATBR08H,1,0.04277547407338319,0.16091086100606514
dim_12,ATBR08H,2,-0.055278470908409996,0.17310250659449763
dim_12,ATBR08H,3,-0.09354306057176415,0.2549315780494508
dim_12,ATBR08H,4,0.14981597173806638,0.23988462337863853
dim_12,ATBR10E,1,0.001708660442079527,0.1675354675020668
dim_12,ATBR10E,2,-0.04975480233794295,0.23191620473469746
dim_12,ATBR10E,3,0.0015955412508402143,0.23987424247054961
dim_12,ATBR10E,4,0.6147342649460297,0.18680662551886118
dim_12,ATBR07AA,1,0.266281756208452,0.12040557675816953
dim_12,ATBR07AA,2,0.008497867994783848,0.21377788730882702
dim_12,ATBR07AA,3,-0.09663083312354052,0.2728777500574665
dim_12,ATBR07AA,4,0.28681650622449134,0.02954338863911735
dim_12,ATBR07AC,3,-0.12706761305937478,0.2470959759181986
dim_12,ATBR07AC,4,0.08017019830721271,0.2169057106754466
dim_12,ATBR09B,1,-0.011799172572627045,0.10643867576342875
dim_12,ATBR09B,2,-0.10734685291741776,0.1946519377059448
dim_12,ATBR09B,3,-0.024818767729483004,0.24917387678684672
dim_12,ATBR09B,4,0.2546373485584482,0.2697560320159605
dim_12,ATBG08E,1,-0.02975444971771425,0.21033706834166238
dim_12,ATBG08E,2,-0.03525082078620313,0.2342753158603002
dim_12,ATBG08E,3,0.296081896099899,0.2517394088644448
dim_12,ATBG05BJ,1,0.09943330838625182,0.22388304096484068
dim_12,ATBG05BJ,2,-0.1018395308791196,0.24997711090743477
dim_12,ATBG05BJ,3,-0.011189719195266288,0.11182040271568228
dim_12,ATBR12EE,1,-0.26916411205425755,0.022348191456262257
dim_12,ATBR12EE,2,0.053368027928862284,0.046000150267575424
dim_12,ATBR12EE,3,-0.22687332667469212,0.17082128390686024
dim_12,ATBR12EE,4,0.03866871783706723,0.24586835945793847
dim_12,ACBG21F,1,-0.06999526728069455,0.20838317603800713
dim_12,ACBG21F,2,0.13310345002975443,0.26871078619768635
dim_12,ATBG07BC,1,0.08732323403075122,0.20739909107252802
dim_12,ATBG07BC,2,-0.10435837200375517,0.25685467568467096
dim_12,ATBG07BC,3,0.21629918066535062,0.015897126779023385
dim_12,ACBG08,1,-0.07145993629346721,0.2197813567028366
dim_12,ACBG08,2,0.1259771725861888,0.2511701067043437
dim_12,ATBR07AD,1,-0.028179839881827744,0.11723495510760673
dim_12,ATBR07AD,2,-0.009274422940273686,0.12090612144908705
dim_12,ATBR07AD,3,-0.058495984486480065,0.2532950254085102
dim_12,ATBR07AD,4,0.1691188581976071,0.21309953534752202
dim_12,ATBG05BD,1,0.17404788310847527,0.020508573461255203
dim_12,ATBG05BD,2,-0.12675837244684388,0.2497220561528398
dim_12,ATBG05BD,3,0.06424409916546465,0.22563754858032137
dim_12,ACBG17,2,-0.510632579952127,0.010648651468296877
dim_12,ACBG17,3,0.03935871949995769,0.24703710500687306
dim_12,ACBG17,4,-0.13674433892983612,0.15828421396563172
dim_13,ATBR12DA,1,0.5639913650168829,0.012085187010822313
dim_13,ATBR12DA,2,0.23478391123062745,0.13218743793191454
dim_13,ATBR12DA,3,-0.10556176758711291,0.19042352338016458
dim_13,ATBR12A,1,0.15831237990098343,0.20435107336206135
dim_13,ATBR12A,2,-0.18009204163292328,0.13332630064340106
dim_13,ATBR12BC,1,0.18122332156404608,0.20440373399502848
dim_13,ATBR12BC,2,-0.15450449851293654,0.14801113172058328
dim_13,ATBR12DB,1,0.396326925735252,0.15406434433163435
dim_13,ATBR12DB,2,0.23863947823328482,0.14171010923373836
dim_13,ATBR12DB,3,-0.10595477490427663,0.1904031032004877
dim_13,ATBR12C,1,0.28118195301922133,0.1587173879553655
dim_13,ATBR12C,2,0.1813100004917895,0.13488868994478184
dim_13,ATBR12C,3,0.1168886672597505,0.16998588508124615
dim_13,ATBR12C,4,-0.13832550718475536,0.1946717654609026
dim_13,ATBR12DC,1,0.37555289408978676,0.21916670304472133
dim_13,ATBR12DC,2,0.20282770851650733,0.14115485854167303
dim_13,ATBR12DC,3,-0.1160333169040412,0.19644727974555926
dim_13,ATBR12EB,1,0.5639913650168829,0.012085187010822313
dim_13,ATBR12EB,2,0.1252382940056133,0.1313729311516096
dim_13,ATBR12EB,3,0.21972565435058813,0.18021281152812627
dim_13,ATBR12EB,4,-0.10046219187440525,0.21106317572146083
dim_13,ATBR12EA,1,0.49218304345651814,0.08022867455541417
dim_13,ATBR12EA,2,0.16801017482468536,0.1310578012705167
dim_13,ATBR12EA,3,0.15364023199101148,0.14275439694074754
dim_13,ATBR12EA,4,-0.08604661318782894,0.2212246164584623
dim_13,ACBG14N,2,-0.08021160571134808,0.24383456533413564
dim_13,ACBG14N,3,-0.13950391061399237,0.21052039262885966
dim_13,ACBG14N,4,-0.07029110751693998,0.16318132421926299
dim_13,ACBG14N,5,0.16869782701542457,0.22538133641307695
dim_13,ATBR12BB,1,0.150208014611341,0.19427622374908682
dim_13,ATBR12BB,2,-0.11288359885943187,0.21305540197606537
dim_13,ACBG14K,1,-0.16510317511598196,0.17372679555096768
dim_13,ACBG14K,2,-0.032853461378067245,0.16904022938415128
dim_13,ACBG14K,3,-0.09884062122246302,0.22680625455996156
dim_13,ACBG14K,4,0.09822943765118042,0.2223756282587362
dim_13,ACBG14K,5,0.36369048317111785,0.16820325249633136
dim_13,ACBG04,1,-0.06738661476728297,0.20374746030437074
dim_13,ACBG04,2,0.23314140827318625,0.22483949779481058
dim_13,ACBG04,3,0.020262035107577323,0.24234682845245392
dim_13,ACBG04,4,-0.24421779451070233,0.00899015212640502
dim_13,ACBG04,5,-0.18724250847790044,0.016913624418681716
dim_13,ATBR12EC,2,0.22502464307892803,0.18378054997100798
dim_13,ATBR12EC,3,0.15678279698841038,0.13125943345716035
dim_13,ATBR12EC,4,-0.0759090290910302,0.2314948586443038
dim_13,ATBR10E,1,-0.09933973599825847,0.1672981718180433
dim_13,ATBR10E,2,-0.07703551519441544,0.23076728371255872
dim_13,ATBR10E,3,0.050918762909716496,0.21341903118880126
dim_13,ATBR10E,4,0.5921349422360326,0.10195573231642963
dim_13,ACBG14H,1,-0.1744625363105329,0.13754589655454796
dim_13,ACBG14H,2,-0.1332458946748025,0.19585350781072888
dim_13,ACBG14H,3,0.08549977540126362,0.23820978828494016
dim_13,ACBG14H,4,0.14935662303638447,0.16912714425147418
dim_13,ACBG14J,1,-0.007725106721138486,0.020595867233349358
dim_13,ACBG14J,2,-0.12339760426692004,0.20573251086030858
dim_13,ACBG14J,3,-0.09890869859007075,0.21533835652620892
dim_13,ACBG14J,4,0.0941701455575737,0.21853894651953834
dim_13,ACBG14J,5,0.24444943635852276,0.22616128169764377
dim_13,ATBR12EE,1,0.14974245688657536,0.08166208544372909
dim_13,ATBR12EE,2,0.4859836829122579,0.09414005023157578
dim_13,ATBR12EE,3,0.17491710870054547,0.18277945367251192
dim_13,ATBR12EE,4,-0.04638408329987823,0.22545876331751272
dim_13,ACBG14L,1,-0.22685377731690276,0.14499061175394087
dim_13,ACBG14L,2,-0.04526018277342101,0.18306851296224888
dim_13,ACBG14L,3,-0.04647924347185653,0.1971816799563919
dim_13,ACBG14L,4,0.026038332697325514,0.25687096653474506
dim_13,ACBG14L,5,0.2985611116400893,0.1578770121949441
dim_13,ATBR10G,1,-0.07893739421158331,0.20923506185805663
dim_13,ATBR10G,2,0.011602044454251788,0.23843682007165287
dim_13,ATBR10G,3,-0.0035454615262422743,0.20025782151402838
dim_13,ATBR10G,4,0.5921349422360326,0.10195573231642963
dim_13,ATBR10I,1,-0.05703846116706295,0.24946822319812248
dim_13,ATBR10I,2,-0.022776054685822247,0.22998707756239556
dim_13,ATBR10I,3,0.03575626113213087,0.17218364006202566
dim_13,ATBR10I,4,0.5921349422360326,0.10195573231642963
dim_13,ACBG14I,1,-0.18768217358773007,0.20308563483401346
dim_13,ACBG14I,2,-0.02551287941742698,0.20207923851431708
dim_13,ACBG14I,3,0.03584488944635501,0.23478149652597524
dim_13,ACBG14I,4,0.147472790677543,0.2349809429137393
dim_13,ACBG14I,5,0.045278606139842664,0.01671342657041628
dim_13,ACBG14E,1,-0.10754343316462275,0.18853024730831827
dim_13,ACBG14E,2,0.09319570768592912,0.2579175265933948
dim_13,ACBG14E,3,0.0960950611039578,0.21077034003345244
dim_13,ACBG14E,4,-0.07923679301648125,0.015407247776081791
dim_13,ATBR12ED,2,-0.007725106721138486,0.020595867233349358
dim_13,ATBR12ED,3,0.22990287193508768,0.18052885418651055
dim_13,ATBR12ED,4,-0.04326490953171649,0.23085379572723383
dim_13,ATBR07AA,1,-0.2687012593694723,0.1325808571186205
dim_13,ATBR07AA,2,0.07142783133313267,0.2413142567727643
dim_13,ATBR07AA,3,-0.04819249534447778,0.21437970150298047
dim_13,ATBR07AA,4,-0.09840531697909866,0.05306334167339849
dim_13,ACBG14G,1,-0.10723022466744027,0.1922814231256623
dim_13,ACBG14G,2,-0.08006303899733888,0.18423084497025508
dim_13,ACBG14G,3,0.09418182823869026,0.2634774037105445
dim_13,ACBG14G,4,0.16971943106120413,0.2103563053054489
dim_13,ATDGTJS,1,0.11960451890801853,0.2505456323101175
dim_13,ATDGTJS,2,-0.013267142959617485,0.23806706181600862
dim_13,ATDGTJS,3,-0.12596298120063895,0.15714199956613198
dim_13,ATBR10J,1,0.08272732506242167,0.22730381370893443
dim_13,ATBR10J,2,-0.03330756538854211,0.23517421958095944
dim_13,ATBR10J,3,-0.05038776721117067,0.1844569883077742
dim_13,ATBR10J,4,0.3195139296355745,0.2587866380973989
dim_13,ATBG05BI,1,0.16951213660017833,0.22609799362441416
dim_13,ATBG05BI,2,-0.06057806186127511,0.21950067789459513
dim_13,ATBG05BI,3,0.053005292917344925,0.24895199933146472
dim_13,ATBR08A,1,-0.044508518858073956,0.2006158862558364
dim_13,ATBR08A,2,-0.06618583445050812,0.17155140553081497
dim_13,ATBR08A,3,0.09844799591493285,0.3149540022559498
dim_13,ATBR08A,4,0.1953862138488359,0.2803000646599022
dim_14,ACBG14I,1,-0.07621051809950356,0.1322708856000387
dim_14,ACBG14I,2,-0.26928581364063015,0.19037578092284527
dim_14,ACBG14I,3,0.08456512888358295,0.1894626972483833
dim_14,ACBG14I,4,0.17765335474605037,0.15522378340419507
dim_14,ACBG14I,5,0.3359653471434652,0.035136763164212485
dim_14,ACBG14F,1,-0.13721577208566163,0.21474697884108668
dim_14,ACBG14F,2,-0.03757926321281503,0.17474140503544972
dim_14,ACBG14F,3,0.29995796071083675,0.15678020851936408
dim_14,ACBG14E,1,-0.1300893974107001,0.21161580164010207
dim_14,ACBG14E,2,0.04625009553575496,0.16431621928615806
dim_14,ACBG14E,3,0.29491047118199504,0.186703185925218
dim_14,ACBG14E,4,0.4644166485830264,0.045209940167454346
dim_14,ACBG14J,1,-0.3471924474377597,0.03155540148702058
dim_14,ACBG14J,2,-0.24595492490848098,0.17313001547014747
dim_14,ACBG14J,3,-0.05831013714194913,0.19335211001941038
dim_14,ACBG14J,4,0.1179534998371711,0.2110503877071681
dim_14,ACBG14J,5,0.19504420855049917,0.111369253293791
dim_14,ACBG14H,1,-0.19976462848946686,0.24639697564949956
dim_14,ACBG14H,2,-0.13268199806413902,0.17057423879889638
dim_14,ACBG14H,3,0.06813951895245074,0.2002893678779607
dim_14,ACBG14H,4,0.3042008456966006,0.1080132445014244
dim_14,ACBG14K,1,-0.0841189602845355,0.13153732141239827
dim_14,ACBG14K,2,-0.20700412255230616,0.24375465278954472
dim_14,ACBG14K,3,-0.05926335577357268,0.1772476292785168
dim_14,ACBG14K,4,0.15247776160821958,0.21430388711669437
dim_14,ACBG14K,5,0.07065545562572631,0.046239830836135254
dim_14,ACBG14L,1,-0.08644642960656096,0.16256125542811053
dim_14,ACBG14L,2,-0.2565694543676894,0.22235140522188443
dim_14,ACBG14L,3,-0.09637086965224988,0.18309158255570265
dim_14,ACBG14L,4,0.11908097996657899,0.2182605579866005
dim_14,ACBG14L,5,0.15828491522617855,0.11138848146488411
dim_14,ACBG14C,1,-0.05261432487282211,0.20722267804232158
dim_14,ACBG14C,2,0.32007047630966784,0.14296981052735827
dim_14,ACBG14D,1,-0.05769065262789737,0.20784904703514673
dim_14,ACBG14D,2,0.2825664618509259,0.16166266627652062
dim_14,ATBR09F,1,-0.04504047581219086,0.1688152149865471
dim_14,ATBR09F,2,0.1183231276633496,0.22609390384877845
dim_14,ATBR09F,3,0.007061003672738681,0.20522036056553933
dim_14,ATBR09F,4,-0.4389492175650061,0.1708486066921902
dim_14,ACBG14G,1,-0.22133557094759027,0.2057389922800473
dim_14,ACBG14G,2,0.001278603409800827,0.14882450885826812
dim_14,ACBG14G,3,0.0530944264275417,0.24979613696200378
dim_14,ACBG14G,4,0.31736364360932073,0.12906633461100472
dim_14,ACBG14N,2,-0.18718448980524158,0.2154479456858025
dim_14,ACBG14N,3,-0.14667855676362793,0.1940058079822117
dim_14,ACBG14N,4,0.021825879001277044,0.21995523319712726
dim_14,ACBG14N,5,0.11423056009292665,0.2090759845179071
dim_14,ACBG14M,2,-0.23442432891090845,0.2203598425774448
dim_14,ACBG14M,3,-0.1635959467979377,0.20956179064982014
dim_14,ACBG14M,4,0.0146610243905821,0.2107720741250405
dim_14,ACBG14M,5,0.10095588381658671,0.20732925889559664
dim_14,ATBR15,1,-0.17485360822449839,0.2300202729248627
dim_14,ATBR15,2,0.1561187306534421,0.2664478818314472
dim_14,ATBR15,3,-0.02404787181539121,0.1686729330863788
dim_14,ATBR15,4,0.18320387004543426,0.04181119210868029
dim_14,ATBR15,5,-0.10765307038377019,0.32633020378599253
dim_14,ATBR09E,1,-0.07306680992225335,0.24158580366703986
dim_14,ATBR09E,2,0.07334626529277903,0.22714904247915593
dim_14,ATBR09E,3,0.06267567606840599,0.15347288911100582
dim_14,ATBR09E,4,-0.3500592889391457,0.18473117823686452
dim_14,ATBR09G,1,-0.04711586163753746,0.2507211582494456
dim_14,ATBR09G,2,0.04463794265964944,0.191399724517027
dim_14,ATBR09G,3,0.03465633332339009,0.2221222983033167
dim_14,ATBR09G,4,-0.45202555513076015,0.07535732238329565
dim_14,ATBR17C,1,0.008808616699212388,0.21468305305260393
dim_14,ATBR17C,2,0.2212812873376172,0.21733690661007982
dim_14,ATBR17C,3,-0.1601663215899477,0.21677625027005606
dim_14,ATBR18C,1,-0.10002457929709964,0.17266918419450383
dim_14,ATBR18C,2,0.070669099198524,0.22736798884351386
dim_14,ATBR18C,3,-0.26082265058548093,0.28045997688395913
dim_14,ACBG21C,1,-0.08936531166399254,0.22137183604752786
dim_14,ACBG21C,2,0.10899547997113682,0.21047381991973388
dim_14,ACDGEAS,1,-0.13493268820688847,0.20638789960980602
dim_14,ACDGEAS,2,-0.025349561617109245,0.21145995725962782
dim_14,ACDGEAS,3,0.17588970447773747,0.23825635064449824
dim_14,ACBG04,1,-0.014187613007580726,0.2211266515700124
dim_14,ACBG04,2,-0.024716080016353534,0.1771972378339325
dim_14,ACBG04,3,0.16111978599272733,0.2667955429998635
dim_14,ACBG04,4,0.21561072673119894,0.03161965469460835
dim_14,ACBG04,5,-0.6269891934717787,0.03340206250399291
dim_14,ATBR06D,1,-0.6269891934717787,0.03340206250399291
dim_14,ATBR06D,2,0.20516663404803137,0.2759676791756667
dim_14,ATBR06D,3,-0.013661359493773196,0.200023356942071
dim_14,ATBR06D,4,0.003440767960652926,0.24887657458039938
dim_14,ATBG07BA,1,-0.038812856065792364,0.24282704382112572
dim_14,ATBG07BA,2,0.03942645693173477,0.1787426674628937
dim_14,ATBG07BA,3,0.6881622346033599,0.16199103758247826
dim_15,ATBR15,1,0.29312794251347607,0.18040089082806343
dim_15,ATBR15,2,0.014378017696088884,0.18237321387448396
dim_15,ATBR15,3,-0.08586227702363401,0.178263925251769
dim_15,ATBR15,4,-0.20820952676852456,0.09999762561597822
dim_15,ATBR15,5,-0.009804209859337791,0.023740939727841047
dim_15,ATBR17C,1,-0.07672104461710022,0.1766171911643572
dim_15,ATBR17C,2,0.05330734930603476,0.19785111434815209
dim_15,ATBR17C,3,0.25290458761594564,0.19749786041013506
dim_15,ATBR09C,1,-0.13441143329095845,0.1592666737264395
dim_15,ATBR09C,2,0.13653403850816515,0.19123138066941636
dim_15,ATBR09C,3,0.027415853176380463,0.20109516529766394
dim_15,ATBR09C,4,-0.4698177572075421,0.029676239285768385
dim_15,ATBR10B,1,0.06203986518386167,0.18440941330407057
dim_15,ATBR10B,2,-0.08111697871700702,0.19726496340805236
dim_15,ATBR10B,3,0.2627689534496477,0.17749001421178798
dim_15,ATBR19,1,0.12540761088411237,0.19931616312905942
dim_15,ATBR19,2,0.13353053287202482,0.20678766050957537
dim_15,ATBR19,3,0.052464646232411406,0.09261259647364084
dim_15,ATBR19,4,0.16013009232671863,0.3852911229696639
dim_15,ATBR19,5,-0.108957892417503,0.17499270998750044
dim_15,ATBR17A,1,-0.07555621238098095,0.18226360188770005
dim_15,ATBR17A,2,-0.030538452069539007,0.19023570118046096
dim_15,ATBR17A,3,0.2183572794715042,0.2173923360650419
dim_15,ATBR13D,1,0.05569017510114045,0.2007310879850795
dim_15,ATBR13D,2,-0.020254243686443133,0.1252747405091295
dim_15,ATBR13D,3,-0.35694301958447194,0.047494661695716756
dim_15,ATBR13D,4,-0.11057750834432019,0.2973156677192501
dim_15,ATBR10C,1,0.038382489059427996,0.20906251326757883
dim_15,ATBR10C,2,-0.1121002703647078,0.18234101325236543
dim_15,ATBR10C,3,0.1756786755241195,0.2061358953554639
dim_15,ATBR10C,4,0.006935543211541584,0.015670173761893454
dim_15,ATBR10A,1,-0.022470296197376564,0.2140137386395217
dim_15,ATBR10A,2,-0.06048899549764842,0.17692900996260835
dim_15,ATBR10A,3,0.29355525405505545,0.16640509354177088
dim_15,ATBR10K,1,-0.25867270442961326,0.13661857727656548
dim_15,ATBR10K,2,0.0417643846138205,0.1820543467216503
dim_15,ATBR10K,3,0.10313971305277336,0.21283504684726007
dim_15,ATBR10K,4,-0.0990182541216269,0.20328142346789507
dim_15,ATBR17B,1,-0.018150648999812707,0.1648119059134118
dim_15,ATBR17B,2,-0.08548446522278576,0.20311561789625737
dim_15,ATBR17B,3,0.16356281555294414,0.23328855544167523
dim_15,ATBG05BK,1,-0.04453882154238359,0.16874170073084224
dim_15,ATBG05BK,2,-0.026654045313779802,0.21050569756150292
dim_15,ATBG05BK,3,0.32332691749929066,0.17828849849601916
dim_15,ATBR13C,1,-0.1721987494100681,0.19103106576620976
dim_15,ATBR13C,2,-0.018164448746226483,0.1906497171533724
dim_15,ATBR13C,3,0.10977736556549066,0.2395822337574256
dim_15,ATBR13C,4,0.05389344228656318,0.17375667909230447
dim_15,ATBR16,1,0.08587773172131803,0.2561954022435829
dim_15,ATBR16,2,-0.0935168694294787,0.168903396612062
dim_15,ATBR16,3,0.11331834246543844,0.16867649717661506
dim_15,ATBR16,4,-0.028154426547732328,0.016279062026810925
dim_15,ATBR10L,1,-0.25867270442961326,0.13661857727656548
dim_15,ATBR10L,2,0.04672218074029369,0.22801530453079139
dim_15,ATBR10L,3,0.08677396513734385,0.18820327562667505
dim_15,ATBR10L,4,-0.08605772665606963,0.21221279777596117
dim_15,ACBG20,1,-0.040439155587772245,0.21053117992238654
dim_15,ACBG20,2,0.268871755210281,0.09865583345053078
dim_15,ACBG20,3,0.15067955032351674,0.20018479977262665
dim_15,ATBG09D,1,-0.0714526428340383,0.19872097670267794
dim_15,ATBG09D,2,-0.024984702049176497,0.1892164076582138
dim_15,ATBG09D,3,0.15780901236341047,0.24061134588056288
dim_15,ACBG21F,1,-0.06391538017624454,0.21938124434431444
dim_15,ACBG21F,2,0.12154189764438487,0.1768522252683196
dim_15,ATBR12EE,1,-0.0512377188393656,0.08493230935014115
dim_15,ATBR12EE,2,0.4667798581372651,0.014560861462334956
dim_15,ATBR12EE,3,-0.10144437591195071,0.22440202887675723
dim_15,ATBR12EE,4,-0.0014499273471253848,0.21057565715246754
dim_15,ACBG21C,1,-0.07912394422323989,0.20780789883947312
dim_15,ACBG21C,2,0.09650447267780732,0.20388649823042657
dim_15,ATBG07AC,1,0.06243943004021875,0.2104481318707434
dim_15,ATBG07AC,2,-0.12206972416860744,0.1972655986627793
dim_15,ACBG21D,1,-0.04288578554721616,0.2132203315963691
dim_15,ACBG21D,2,0.17608933853662637,0.1746768191306325
dim_15,ACBG21E,1,-0.04288578554721616,0.2132203315963691
dim_15,ACBG21E,2,0.17608933853662637,0.1746768191306325
dim_15,ATBR07BD,1,-0.045342811393388895,0.2828291321257882
dim_15,ATBR07BD,2,-0.028313684329146636,0.19561912752246347
dim_15,ATBR07BD,3,0.07760254392515764,0.19899419475885696
dim_15,ATBR07BD,4,-0.17333153067661042,0.17923936485983571
dim_15,ATBR08B,1,-0.05177238045071409,0.17768391668851913
dim_15,ATBR08B,2,-0.019691098523389603,0.24519789545689277
dim_15,ATBR08B,3,0.0809549790597521,0.10653501418884304
dim_15,ATBR08B,4,0.26392594085292304,0.25817376816327053
dim_15,ATBR07BA,1,0.02690357670309143,0.2713940076183395
dim_15,ATBR07BA,2,-0.06818897360807186,0.11998639970806314
dim_15,ATBR07BA,3,0.07678121141921511,0.21536128060979873
dim_15,ATBR07BA,4,-0.16970320784277917,0.16782200122664415
dim_15,ATBR07AA,1,0.14997561787756378,0.23787229987696054
dim_15,ATBR07AA,2,0.0030459658423894966,0.21859760760177752
dim_15,ATBR07AA,3,-0.0063633811259438365,0.1868835243253246
dim_15,ATBR07AA,4,-0.4698177572075421,0.029676239285768385
dim_16,ACBG14K,1,0.04126767156513641,0.18711925031116527
dim_16,ACBG14K,2,0.1737922733697812,0.22206045788564882
dim_16,ACBG14K,3,-0.08189647574953686,0.1431641134857044
dim_16,ACBG14K,4,-0.06455869976831556,0.1704571353140039
dim_16,ACBG14K,5,0.3337171943460956,0.2322459937544674
dim_16,ATBR10A,1,0.08112566033719669,0.21429451069121294
dim_16,ATBR10A,2,-0.159762129295299,0.11484675608021556
dim_16,ATBR10A,3,0.026436577133415576,0.15923960665612538
dim_16,ATBR13B,1,-0.16482226343030432,0.1392112522541307
dim_16,ATBR13B,2,0.09362262099834429,0.17352253759685377
dim_16,ATBR13B,3,0.16302238426823057,0.24143443694642866
dim_16,ATBR13B,4,-0.062154791326812224,0.16532654945500763
dim_16,ATBR13D,1,-0.04247482824339688,0.1767603497155519
dim_16,ATBR13D,2,0.13874818200966402,0.20629894719587946
dim_16,ATBR13D,3,0.2879339366656734,0.23579085011973397
dim_16,ATBR13D,4,-0.13270985310235878,0.1511207801514059
dim_16,ATBR10H,1,-0.049143624800417465,0.14286974155414228
dim_16,ATBR10H,2,-0.03466264370039825,0.1654637960039668
dim_16,ATBR10H,3,0.10918704881577633,0.2128625174572443
dim_16,ATBR10H,4,-0.19827218141743674,0.16786794438041275
dim_16,ACBG14L,1,0.06592629103145344,0.11848881022930462
dim_16,ACBG14L,2,0.2690046435585582,0.2204279116672138
dim_16,ACBG14L,3,-0.02784350890772902,0.16493761121721282
dim_16,ACBG14L,4,-0.07300529767787559,0.17645138443318534
dim_16,ACBG14L,5,0.13131692293307318,0.286120720413488
dim_16,ACBG14J,1,-0.08938676370831858,0.013152346055725525
dim_16,ACBG14J,2,0.19209255098844977,0.20749766017542065
dim_16,ACBG14J,3,-0.058659169960824174,0.178361037604974
dim_16,ACBG14J,4,-0.04435518025115079,0.1782311210428405
dim_16,ACBG14J,5,0.24417767323689613,0.23689190767289817
dim_16,ATBR09E,1,-0.02034133533702548,0.22140220975656547
dim_16,ATBR09E,2,0.1316500151898337,0.18298329956481507
dim_16,ATBR09E,3,-0.1007853186707261,0.13155290395679517
dim_16,ATBR09E,4,-0.1619784527593404,0.2299772217044166
dim_16,ATBR12C,1,-0.12963814746336985,0.16809714198993914
dim_16,ATBR12C,2,0.02125143385472645,0.13840738233588507
dim_16,ATBR12C,3,0.22812394836312658,0.2664953540183997
dim_16,ATBR12C,4,-0.03467548428727644,0.18695442659242587
dim_16,ACBG17,2,0.0221796373953624,0.012045314350865446
dim_16,ACBG17,3,-0.044659146131213044,0.17877625017423587
dim_16,ACBG17,4,0.20908414159042027,0.24442948068026774
dim_16,ACBG18C,1,0.20908414159042027,0.24442948068026774
dim_16,ACBG18C,2,-0.0433190201457178,0.1772293171206374
dim_16,ATBR10K,1,0.4501836761941486,0.15287930609576197
dim_16,ATBR10K,2,-0.08998076418065827,0.1604485833429211
dim_16,ATBR10K,3,0.007879627614798383,0.13056742177854383
dim_16,ATBR10K,4,0.008359500242940906,0.24968015632497761
dim_16,ACBG14I,1,0.11673560616498026,0.12809509282511689
dim_16,ACBG14I,2,0.03234393275495939,0.26979155512891595
dim_16,ACBG14I,3,-0.10217953299879842,0.14024739295985547
dim_16,ACBG14I,4,0.09634625083356908,0.2502388674473202
dim_16,ACBG14I,5,0.03786520087209144,0.012009089912953725
dim_16,ATBR10L,1,0.4501836761941486,0.15287930609576197
dim_16,ATBR10L,2,-0.0822136218930546,0.14671240525358492
dim_16,ATBR10L,3,-0.014540240512579614,0.14890559641766785
dim_16,ATBR10L,4,0.01225571482332714,0.24537905749348593
dim_16,ATBR09H,1,0.033772314076077836,0.24113808385141366
dim_16,ATBR09H,2,-0.06538940809607281,0.1810010394326006
dim_16,ATBR09H,3,-0.0008587349378650544,0.17337242543307885
dim_16,ATBR09H,4,0.6661481469251023,0.011414429456680952
dim_16,ATBR08E,1,0.004627790328778189,0.2038903371023476
dim_16,ATBR08E,2,0.03340419528736709,0.20354761908793567
dim_16,ATBR08E,3,0.0245375552878063,0.13181095796638576
dim_16,ATBR08E,4,-0.35026444149718566,0.0633253213136333
dim_16,ATDGEAS,2,-0.09342084157256611,0.14800018784318078
dim_16,ATDGEAS,3,0.08561512138812097,0.22682173458207205
dim_16,ATBG05BF,1,0.183438641758189,0.33041324413308654
dim_16,ATBG05BF,2,0.00011285840576638654,0.1743123131988901
dim_16,ATBG05BF,3,-0.17022113807853997,0.12066602952895936
dim_16,ATBG09D,1,-0.10393230082723653,0.16701897033873422
dim_16,ATBG09D,2,0.09272942326602908,0.23539180973229487
dim_16,ATBG09D,3,0.005121862672331112,0.1532768353065012
dim_16,ATBR08A,1,0.08430070934789945,0.1556852741248579
dim_16,ATBR08A,2,-0.06372036791127357,0.19451376067523865
dim_16,ATBR08A,3,-0.1112900789254513,0.17702847350829615
dim_16,ATBR08A,4,0.10692740721662988,0.29741602871989614
dim_16,ATBR09B,1,0.08892670403924206,0.26004780245108555
dim_16,ATBR09B,2,0.0035626929325241075,0.17339687055896072
dim_16,ATBR09B,3,-0.059819550598052794,0.1520759998770884
dim_16,ATBR09B,4,0.18040628479511026,0.29178174245985383
dim_16,ATBR08F,1,-0.01231276857624782,0.19285151476461987
dim_16,ATBR08F,2,-0.015241056366190232,0.20501741138851565
dim_16,ATBR08F,3,0.012318617551953685,0.19328491252488011
dim_16,ATBR08F,4,0.6661481469251023,0.011414429456680952
dim_16,ATBR07BA,1,0.06571146077672323,0.24236300860040366
dim_16,ATBR07BA,2,-0.08107556257263393,0.14675308264559545
dim_16,ATBR07BA,3,0.05486783844356341,0.19240722300638458
dim_16,ATBR07BA,4,-0.14740215147069108,0.20157118006080763
dim_16,ACBG14E,1,0.0536876071585669,0.1960713890419148
dim_16,ACBG14E,2,-0.04739836133517066,0.21784013479378125
dim_16,ACBG14E,3,-0.11340844944298523,0.10658628050040991
dim_16,ACBG14E,4,0.37882084751618633,0.023513597943967447
dim_17,ATBG09C,1,0.22924935455300877,0.21096798081769794
dim_17,ATBG09C,2,0.050642694272561864,0.17332974461663622
dim_17,ATBG09C,3,-0.10399541640538676,0.1633677049989202
dim_17,ACBG14N,2,0.15524131589485407,0.1485553544071892
dim_17,ACBG14N,3,0.049457877394076505,0.19220603641738282
dim_17,ACBG14N,4,0.09509405721918504,0.18621325071018419
dim_17,ACBG14N,5,-0.1494482511125731,0.15765779465259336
dim_17,ACBG14M,2,0.12289520219734865,0.06720388366637749
dim_17,ACBG14M,3,0.09183079552889911,0.21846031125034251
dim_17,ACBG14M,4,0.08666031132538027,0.17852293256975732
dim_17,ACBG14M,5,-0.14532978527282545,0.16490479936472827
dim_17,ATBG09A,1,0.13091295846611645,0.2336741493693328
dim_17,ATBG09A,2,0.004497292604880523,0.1561085703362311
dim_17,ATBG09A,3,-0.22958327643012552,0.17195460910210475
dim_17,ATBR11D,1,-0.4413200438129698,0.017679433340659703
dim_17,ATBR11D,2,0.09184080090419107,0.1650435583972483
dim_17,ATBR11D,3,-0.10189075399464435,0.2017306069905082
dim_17,ATBR11D,4,0.008813033597929482,0.194316840233025
dim_17,ATBR12EA,1,-0.10457939682718938,0.12278544410573607
dim_17,ATBR12EA,2,0.4417986741721486,0.22929934786036466
dim_17,ATBR12EA,3,0.039468549043963894,0.19360561520902023
dim_17,ATBR12EA,4,-0.03666476325908175,0.18041851826562055
dim_17,ATBG05BC,1,0.7666502003318425,0.031136057029342957
dim_17,ATBG05BC,2,0.03280624669341456,0.1860156684313067
dim_17,ATBG05BC,3,-0.043246723993506084,0.19145520063715796
dim_17,ATBR13D,1,-0.03153254445422276,0.17199552373368468
dim_17,ATBR13D,2,0.08958447692544944,0.2581940790053388
dim_17,ATBR13D,3,-0.20353159394165665,0.1638120794547947
dim_17,ATBR13D,4,0.2002039787838665,0.1737289341839324
dim_17,ACBG14L,1,0.1168269976983861,0.06936869624352014
dim_17,ACBG14L,2,0.04983915480069401,0.08244435275167004
dim_17,ACBG14L,3,0.09181920190137477,0.1968082359230093
dim_17,ACBG14L,4,-0.102781279766935,0.2207956609201467
dim_17,ACBG14L,5,-0.003277428094129581,0.11653067314198544
dim_17,ATBG09D,1,0.041581180854016526,0.2436698803345602
dim_17,ATBG09D,2,0.057358140374718654,0.14585429277478673
dim_17,ATBG09D,3,-0.16628568370015892,0.15316843583538284
dim_17,ACBG14K,1,0.12863438663167662,0.07298438022556382
dim_17,ACBG14K,2,-0.017712286981178986,0.13059438019257252
dim_17,ACBG14K,3,0.09422435220196583,0.20768564119329322
dim_17,ACBG14K,4,-0.09449741299489692,0.2259576225064482
dim_17,ACBG14K,5,-0.07938554882742997,0.09944285717591243
dim_17,ACBG14G,1,0.19098092298876254,0.11745210423406423
dim_17,ACBG14G,2,-0.01654353327916638,0.17340487614763264
dim_17,ACBG14G,3,-0.06534329464217377,0.23142095470826612
dim_17,ACBG14G,4,0.0054349534370102676,0.09504335356435954
dim_17,ACBG05A,1,-0.03362997935510489,0.24320091133600513
dim_17,ACBG05A,2,-0.029065230672538196,0.18508775501008679
dim_17,ACBG05A,4,0.2629327078937118,0.13626057526756444
dim_17,ACBG05A,5,0.10435630020275975,0.09450674759424504
dim_17,ATBG08C,1,0.07211501127716419,0.2172257558717458
dim_17,ATBG08C,2,-0.05403123531650775,0.1639246290161555
dim_17,ATBG08C,3,-0.33881210807733136,0.1462789874623379
dim_17,ATBG07BA,1,-0.016587271027434052,0.20192829563168865
dim_17,ATBG07BA,2,0.0015780794038476474,0.1760807996304495
dim_17,ATBG07BA,3,0.6995530067541466,0.2086841687189706
dim_17,ACBG20,1,-0.025059630282015785,0.19209602073115964
dim_17,ACBG20,2,0.3038824315235648,0.27796935280664326
dim_17,ACBG20,3,0.007582934757343673,0.13469207639404246
dim_18,ACBG14H,1,0.2407062603960455,0.24925281155377663
dim_18,ACBG14H,2,-0.12252188820623114,0.17013113127641769
dim_18,ACBG14H,3,-0.01895442903053623,0.15247961110904606
dim_18,ACBG14H,4,0.18195766412518402,0.15102331576781194
dim_18,ATBR12ED,2,0.5838927266231462,0.009663625046913642
dim_18,ATBR12ED,3,-0.17012840924553654,0.12857555393018671
dim_18,ATBR12ED,4,0.021389624481020972,0.19193010475353142
dim_18,ATBR06E,1,0.33658992867785964,0.19876881410262126
dim_18,ATBR06E,2,-0.046922803633825075,0.2065339907213489
dim_18,ATBR06E,3,-0.01377275077494449,0.1733919973270991
dim_18,ATBR06E,4,-0.022281429385143943,0.1139293274074145
dim_18,ATBR09D,1,0.1126415199045372,0.2311768620527402
dim_18,ATBR09D,2,-0.11054278144745967,0.1530714865100241
dim_18,ATBR09D,3,0.03920095836678768,0.16538580834872607
dim_18,ACBG14J,1,0.5838927266231462,0.009663625046913642
dim_18,ACBG14J,2,-0.0022332412520244768,0.23500031560949217
dim_18,ACBG14J,3,-0.06176370019939632,0.21100712030600347
dim_18,ACBG14J,4,0.056797388791725974,0.14137828874010272
dim_18,ACBG14J,5,-0.1385782143349565,0.16303602371162806
dim_18,ATBR09H,1,0.05376334550508647,0.2410742733030781
dim_18,ATBR09H,2,-0.11671661528455324,0.17156017526887887
dim_18,ATBR09H,3,0.023799288412494398,0.1626028421346273
dim_18,ATBR09H,4,0.5132041123020075,0.01017030975872242
dim_18,ACBG14K,1,0.13682490369619127,0.19516609096693965
dim_18,ACBG14K,2,0.030882174423093618,0.2568260457712649
dim_18,ACBG14K,3,-0.10883719776516869,0.19184392658076047
dim_18,ACBG14K,4,0.0474122433758908,0.15395626997287934
dim_18,ACBG14K,5,-0.17729172967271975,0.04088875869577753
dim_18,ACBG14L,1,0.1740747510836147,0.23998261202147472
dim_18,ACBG14L,2,0.15644186024538664,0.29336448125524384
dim_18,ACBG14L,3,-0.10094715666033229,0.17527123887888663
dim_18,ACBG14L,4,0.011398733548925863,0.13772669507520713
dim_18,ACBG14L,5,0.044470298910804146,0.25264705129441123
dim_18,ACBG14M,2,0.27483906428297755,0.24928496370588932
dim_18,ACBG14M,3,-0.11540155207024524,0.25990714660328573
dim_18,ACBG14M,4,-0.007688496473473637,0.1620249152534524
dim_18,ACBG14M,5,0.003784873963711271,0.15888221821111514
dim_18,ATBR09E,1,0.09862076040842017,0.24524078706210486
dim_18,ATBR09E,2,-0.07339861643596589,0.1661256005156188
dim_18,ATBR09E,3,0.03253068790282008,0.14712286504440936
dim_18,ATBR09E,4,-0.20600045228258057,0.16721243234561167
dim_18,ATBR14,1,-0.0577738770870017,0.2065797158779896
dim_18,ATBR14,2,0.11447794573069255,0.1758383437115834
dim_18,ATBR14,3,-0.027980465649002986,0.05449147691049013
dim_18,ATBR14,4,0.2147256248190581,0.22232192987248187
dim_18,ATBR15,1,-0.07346616033648701,0.20341568054514536
dim_18,ATBR15,2,0.13532420599458286,0.15725419308670252
dim_18,ATBR15,3,-0.04534045133620389,0.2063614825716798
dim_18,ATBR15,4,-0.055879338571697676,0.015225948823197527
dim_18,ATBR15,5,0.159530919360072,0.020245679868799046
dim_18,ATBR07AA,1,0.03508412874023835,0.26757581391568525
dim_18,ATBR07AA,2,-0.0648191653657486,0.20279240609014174
dim_18,ATBR07AA,3,0.10959539184655949,0.14451494773065054
dim_18,ATBR07AA,4,-0.15093345254844528,0.14731188753264196
dim_18,ATBR08A,1,-0.09868577064152192,0.17724872872041247
dim_18,ATBR08A,2,0.09387648561906498,0.21593474547615202
dim_18,ATBR08A,3,0.026756456539471847,0.19567968435056218
dim_18,ATBR08A,4,-0.037600355048376485,0.12811152031567064
dim_18,ATBR10I,1,0.13411302158389177,0.2647107922593419
dim_18,ATBR10I,2,-0.051820113865329163,0.16133979570166074
dim_18,ATBR10I,3,-0.023532128094790047,0.18993505475433625
dim_18,ATBR10I,4,0.21027780471330096,0.05845504785373037
dim_18,ATBG03,2,-0.13488278284126118,0.15092729486935175
dim_18,ATBG03,3,-0.1629932144946975,0.2897256258355726
dim_18,ATBG03,4,0.011221776415224526,0.18246263984526917
dim_18,ATBG03,5,0.07658487754677588,0.18028016187113835
dim_18,ATBG03,6,-0.06127008708297953,0.009980749401254421
dim_18,ATBR09G,1,0.12302721149582502,0.25874303390145315
dim_18,ATBR09G,2,-0.07443995432898368,0.15698312105307255
dim_18,ATBR09G,3,0.023213889408804162,0.18829082570799405
dim_18,ATBR09G,4,-0.1540367239526128,0.1655713334046562
dim_19,ATBG08D,1,-0.10526534347996673,0.14969703208909274
dim_19,ATBG08D,2,0.11646704912725171,0.18594423428670423
dim_19,ATBG08E,1,-0.1649647607894788,0.12522388279213428
dim_19,ATBG08E,2,0.05528187336130488,0.1700655985718474
dim_19,ATBG08E,3,0.12016504654588006,0.26648359042360853
dim_19,ATBG07BF,1,-0.0837015248197148,0.15452961193823922
dim_19,ATBG07BF,2,0.05158838908796769,0.19356145236622088
dim_19,ATBG07BF,3,0.3652077399803174,0.11197884630395817
dim_19,ATBG08C,1,-0.09280755226282983,0.1801673263017242
dim_19,ATBG08C,2,0.09726844406613076,0.18033143446793268
dim_19,ATBG08C,3,-0.006417330446037534,0.07586764711783282
dim_19,ATBR17A,1,-0.09457861071023442,0.16206308816613088
dim_19,ATBR17A,2,0.07110264875564842,0.19321008865618838
dim_19,ATBR17A,3,0.11204373085755115,0.19282302792367303
dim_19,ATBR07BA,1,-0.0824314698767816,0.15556539866323155
dim_19,ATBR07BA,2,0.1266949835108422,0.1902781692837373
dim_19,ATBR07BA,3,0.019965981898709753,0.2022918178591318
dim_19,ATBR07BA,4,-0.15182444712107895,0.10048966877374538
dim_19,ATBG07BA,1,-0.07051550870715363,0.16499158765447922
dim_19,ATBG07BA,2,0.12027071681246626,0.20324959853618757
dim_19,ATBG07BA,3,-0.041144292161215595,0.033820837549642664
dim_19,ATBR07AB,1,0.16562510255533136,0.31401215820414285
dim_19,ATBR07AB,2,0.16521374548831236,0.18901140790137988
dim_19,ATBR07AB,3,-0.06586879849664574,0.1586981852703025
dim_19,ATBR07AB,4,-0.0140345194631139,0.1811352829526922
dim_19,ACDGRRS,1,-0.24830584781453371,0.11783104048092254
dim_19,ACDGRRS,2,0.04466516909300936,0.18451820909877648
dim_19,ACDGRRS,3,-0.08375685586533052,0.18738158482995984
dim_19,ACBG14G,1,-0.13891510854428807,0.18603250363676105
dim_19,ACBG14G,2,0.06472474385433828,0.20403846248120994
dim_19,ACBG14G,3,-0.0264889027599307,0.16431756711628076
dim_19,ACBG14G,4,0.23371727896581326,0.0869544151597565
dim_19,ATBG07BB,1,-0.07214666648789679,0.1575657993316372
dim_19,ATBG07BB,2,0.08479596532161002,0.21299841588447624
dim_19,ATBG07BB,3,0.18923026092219475,0.18492200888500868
dim_19,ATBG07BE,1,-0.05677130279102486,0.19062609568146435
dim_19,ATBG07BE,2,0.024207791358658515,0.17894538686389108
dim_19,ATBG07BE,3,0.285173886821238,0.1792820634800889
dim_19,ATBG07BC,1,-0.07273194794323122,0.15776578452247492
dim_19,ATBG07BC,2,0.08213014601486976,0.21296451389628157
dim_19,ATBG07BC,3,0.27356754973506764,0.012462246746128057
dim_19,ACBG14M,2,-0.16219515949516955,0.26633697571211257
dim_19,ACBG14M,3,-0.09831237272246716,0.11139401845606081
dim_19,ACBG14M,4,0.08458708264540597,0.2073829867890702
dim_19,ACBG14M,5,-0.007370182449149196,0.16805844412073156
dim_19,ATBR15,1,0.11797930098337032,0.21173464081217608
dim_19,ATBR15,2,-0.05707075540622932,0.19050264102437567
dim_19,ATBR15,3,-0.025638852305762842,0.18220937959598338
dim_19,ATBR15,4,0.32885120218486763,0.04020094144877896
dim_19,ATBR15,5,0.07448309270910346,0.024303358682725304
dim_19,ATBR07AA,1,0.2476305449512592,0.15712648323510267
dim_19,ATBR07AA,2,-0.018865565654679613,0.17874249825582156
dim_19,ATBR07AA,3,-0.01322104249219229,0.2085283012169407
dim_19,ATBR07AA,4,-0.18686516749814722,0.03411807002265896
dim_19,ACBG14N,2,-0.226750140337878,0.17143309220791889
dim_19,ACBG14N,3,-0.014050996453657025,0.18140963936226404
dim_19,ACBG14N,4,0.07402796154592059,0.21706705834299286
dim_19,ACBG14N,5,-0.00830211252073598,0.16041468128252434
dim_20,ATBR11C,1,0.20908560876668023,0.16969046885353456
dim_20,ATBR11C,2,-0.1312199995022028,0.14615043677559117
dim_20,ATBR11C,3,0.057085320003258964,0.17120106163788473
dim_20,ATBR11C,4,0.049532705240431664,0.045855021449208194
dim_20,ATBR10B,1,0.1046644934151327,0.19026506938546967
dim_20,ATBR10B,2,-0.08087605589513883,0.16782241515234533
dim_20,ATBR10B,3,0.16566850797763433,0.15813156523239272
dim_20,ATBR06C,1,0.23148426390030866,0.21130928292017317
dim_20,ATBR06C,2,-0.11340046203030404,0.16410489358573452
dim_20,ATBR06C,3,0.00416312312099858,0.17534677678734056
dim_20,ATBR06C,4,0.03721629783253763,0.15842937777009145
dim_20,ATBR11A,1,0.25152347443978923,0.19279964464924296
dim_20,ATBR11A,2,-0.06635054227329748,0.16884634239102797
dim_20,ATBR11A,3,0.013198261203475746,0.18794158701269564
dim_20,ATBR11A,4,0.12933778007331612,0.1308937242663527
dim_20,ATBR10G,1,0.09480529399626604,0.22495718658948788
dim_20,ATBR10G,2,-0.09566632776717042,0.1624097441669981
dim_20,ATBR10G,3,0.0654769528624522,0.16272589780732427
dim_20,ATBR10G,4,0.11005204078652533,0.11848258757960965
dim_20,ATBR10C,1,0.04670349171871252,0.21680987348944647
dim_20,ATBR10C,2,-0.0985014771566927,0.151457108597437
dim_20,ATBR10C,3,0.11243451050716323,0.1584593002313964
dim_20,ATBR10C,4,0.24883790389945884,0.013202055944816656
dim_20,ATBR14,1,0.04580442115806773,0.19836149390588112
dim_20,ATBR14,2,0.008464530514219668,0.18022867622098068
dim_20,ATBR14,3,-0.14957896448786573,0.10167644151968018
dim_20,ATBR14,4,-0.2748788877063574,0.08007812988894979
dim_20,ATBR13A,1,-0.024898464713263728,0.18218399312236108
dim_20,ATBR13A,2,0.29349340706254234,0.17363718201262898
dim_20,ATBR16,1,-0.09369490505288974,0.17929634246755694
dim_20,ATBR16,2,0.059927545655741,0.17783639022744885
dim_20,ATBR16,3,0.0726787602294207,0.21194671906157486
dim_20,ATBR16,4,-0.30946281331762077,0.01840826600967281
dim_20,ATBR10K,1,0.12828712294075564,0.0865741488806152
dim_20,ATBR10K,2,-0.11594929905486573,0.15864558068204937
dim_20,ATBR10K,3,0.09320800039360118,0.21448225855041364
dim_20,ATBR10K,4,-0.025171830888885652,0.16965884773348658
dim_20,ATBG03,2,0.15927072094446462,0.08674772659415986
dim_20,ATBG03,3,-0.14826419192718251,0.13815275755501105
dim_20,ATBG03,4,-0.013238388308768478,0.2105068142046651
dim_20,ATBG03,5,0.04079288666974909,0.17624966074055948
dim_20,ATBG03,6,-0.3182589466974125,0.017775847576351346
dim_20,ATBR09I,1,0.21050946897045766,0.22169319469396184
dim_20,ATBR09I,2,0.026179793036267312,0.15949036931584193
dim_20,ATBR09I,3,-0.011852248905801662,0.19111601861068303
dim_20,ATBR09I,4,-0.16684092459220062,0.1242183685819934
dim_20,ATBR15,1,-0.127320960347562,0.15399937269520075
dim_20,ATBR15,2,-0.023741235360395577,0.1679263142077485
dim_20,ATBR15,3,0.061264506980291664,0.19820765143981742
dim_20,ATBR15,4,-0.2995610204269489,0.040159478965365404
dim_20,ATBR15,5,0.022868259775601935,0.23767217151970624
dim_20,ATBR13B,1,0.240614636740443,0.20900650458796458
dim_20,ATBR13B,2,-0.051548914178396736,0.15109598891189804
dim_20,ATBR13B,3,0.0061319213450827,0.17348531695844094
dim_20,ATBR13B,4,-0.028662727752299725,0.19312272754168602
dim_20,ATBR09E,1,0.030906485517273652,0.2463542694935642
dim_20,ATBR09E,2,-0.010476256245841361,0.13668960123323337
dim_20,ATBR09E,3,-0.07264670078231306,0.17972057971179284
dim_20,ATBR09E,4,0.2478482826815302,0.0995914854719142
dim_20,ACBG14J,1,0.4084249879981396,0.016581308566172206
dim_20,ACBG14J,2,-0.11951236142983077,0.14817303526354744
dim_20,ACBG14J,3,0.012463540786827194,0.1915121291700647
dim_20,ACBG14J,4,-0.007959610799656276,0.20353132016534117
dim_20,ACBG14J,5,0.1376197314665211,0.11104252838312709
dim_21,ATBR13C,1,0.16226044076034787,0.16813703669570368
dim_21,ATBR13C,2,-0.004798295509087971,0.15676955320132455
dim_21,ATBR13C,3,-0.10232668523473615,0.2078668427067743
dim_21,ATBR13C,4,-0.0215931912499394,0.14942914192458873
dim_21,ATBR11E,1,-0.2508016612462285,0.024578142989527384
dim_21,ATBR11E,2,0.22016431805026923,0.09303942447756645
dim_21,ATBR11E,3,-0.051863299454566206,0.1613227770945609
dim_21,ATBR11E,4,0.017934781179778064,0.20976360991339857
dim_21,ACDGEAS,1,0.19625295314145733,0.14417656205993357
dim_21,ACDGEAS,2,-0.03222369040690529,0.17520798862286607
dim_21,ACDGEAS,3,-0.04740637302813916,0.19266349044553593
dim_21,ATBG07AC,1,-0.05803132107381929,0.18154531072178604
dim_21,ATBG07AC,2,0.11345182606660782,0.16493614425064612
dim_21,ATBR19,1,0.058332444067358914,0.15475600809325482
dim_21,ATBR19,2,0.044932200968796736,0.12005203965730163
dim_21,ATBR19,3,0.1532538578626521,0.16298544802486312
dim_21,ATBR19,4,-0.14916838006062602,0.12076727082765858
dim_21,ATBR19,5,-0.05374772801300702,0.20577601740941637
dim_21,ATBG06,1,-0.08530405741609724,0.18537542563676135
dim_21,ATBG06,2,0.07553618230497097,0.1765997794216949
dim_21,ATBG06,3,0.010783320454245513,0.15916117359240306
dim_21,ACBG14N,2,0.20403564404688457,0.17729991863681252
dim_21,ACBG14N,3,-0.09804936015249519,0.16278634019088584
dim_21,ACBG14N,4,-0.0045992781696626165,0.18745825381138675
dim_21,ACBG14N,5,0.022856961471560112,0.1808359865805708
dim_21,ATBR12EE,1,-0.3775661695159715,0.03684412038060518
dim_21,ATBR12EE,2,0.14334807605662783,0.09326515740659963
dim_21,ATBR12EE,3,0.036500187005450935,0.09053942828311748
dim_21,ATBR12EE,4,0.005549495290724514,0.19278364412768104
dim_21,ATBR08F,1,-0.008489177319738899,0.19174729767945364
dim_21,ATBR08F,2,-0.04566552236617616,0.18057665047778168
dim_21,ATBR08F,3,0.1117252277022807,0.12320254078828266
dim_21,ATBR08F,4,0.46152975756906206,0.026348711274141512
dim_21,ATBR09B,1,-0.15538934733173654,0.14053194053357346
dim_21,ATBR09B,2,-0.03442220901036377,0.2210891137701571
dim_21,ATBR09B,3,0.02168912443537507,0.17221530829644752
dim_21,ATBR09B,4,0.11590213196928366,0.19784419644973522
dim_21,ACBG14L,1,0.11507560525501118,0.1650499163349999
dim_21,ACBG14L,2,-0.18236997626215906,0.29086706715116956
dim_21,ACBG14L,3,-0.016646723033514856,0.12819670603440356
dim_21,ACBG14L,4,0.04950056235705544,0.19112924140228693
dim_21,ACBG14L,5,-0.06629129322957095,0.13538662542352528
dim_21,ATBR11C,1,0.168189552054135,0.12310543679770235
dim_21,ATBR11C,2,-0.016317138076967524,0.1533932826190494
dim_21,ATBR11C,3,-0.035232658833224614,0.2229637940953699
dim_21,ATBR11C,4,-0.1443089335354644,0.05334700045857479
dim_21,ATBG07BE,1,-0.0716975081394682,0.1948786881671439
dim_21,ATBG07BE,2,0.054086929503978594,0.16831264451814013
dim_21,ATBG07BE,3,0.1653585610306396,0.1256662804854042
dim_21,ATDGTJS,1,-0.09780435782648933,0.1860029146061526
dim_21,ATDGTJS,2,0.02456033805952417,0.18861500979662235
dim_21,ATDGTJS,3,0.08342111948310113,0.1574443349255352
dim_21,ATBR13E,1,-0.0530537690896363,0.19994254261576805
dim_21,ATBR13E,2,0.09996558487149032,0.13343648527011384
dim_22,ATBR10E,1,-0.05727800807218826,0.1689711325682121
dim_22,ATBR10E,2,-0.09453311468505941,0.08691782157176603
dim_22,ATBR10E,3,0.11096552252094771,0.16896276736301535
dim_22,ATBR10E,4,-0.46667263042362434,0.04784819731008888
dim_22,ACBG05B,1,-0.07361416924937202,0.1338302939750781
dim_22,ACBG05B,2,0.04099546495364629,0.1212074386674701
dim_22,ACBG05B,3,0.0003872512188303045,0.20655199738749808
dim_22,ACBG05B,4,0.3725524885276634,0.2561023424993895
dim_22,ACBG05B,5,-0.021517615652501116,0.003959322537536374
dim_22,ATBR06D,1,0.6971631341158205,0.03169542199636989
dim_22,ATBR06D,2,-0.09441363631750235,0.12526143455187244
dim_22,ATBR06D,3,0.017396481051538234,0.13660786066172192
dim_22,ATBR06D,4,-0.04973117981748964,0.23669942972391564
dim_22,ATBR11E,1,0.6971631341158205,0.03169542199636989
dim_22,ATBR11E,2,-0.06301433602237665,0.20433230963598845
dim_22,ATBR11E,3,-0.003473498374784877,0.15665879385916015
dim_22,ATBR11E,4,-1.3479462016652544e-05,0.18178609839985366
dim_22,ATBR10I,1,0.04158490709857068,0.23752804312743955
dim_22,ATBR10I,2,-0.01019100552432708,0.15822185048556353
dim_22,ATBR10I,3,0.042101240323078624,0.13238637330171857
dim_22,ATBR10I,4,-0.46667263042362434,0.04784819731008888
dim_22,ACBG04,1,-0.015206976547232846,0.1295366717002731
dim_22,ACBG04,2,0.006576241815207585,0.28150383370240883
dim_22,ACBG04,3,-0.0026274900197473606,0.14980308132967554
dim_22,ACBG04,4,-0.024197556558607686,0.008762517443783492
dim_22,ACBG04,5,0.6971631341158205,0.03169542199636989
dim_22,ATBR10G,1,-0.020346010153674234,0.21159388300957274
dim_22,ATBR10G,2,0.018380210262785118,0.15920572967533464
dim_22,ATBR10G,3,0.03707218674584863,0.154695129425935
dim_22,ATBR10G,4,-0.46667263042362434,0.04784819731008888
dim_22,ATBR11B,1,0.07431484486204971,0.2018549039630358
dim_22,ATBR11B,2,-0.030421987327538615,0.15836028191055285
dim_22,ATBR11B,3,-0.018394744174651964,0.14432590489866762
dim_22,ATBR11B,4,-0.5045654852197654,0.01302902826099954
dim_22,ATBR07AB,1,0.2733397539544742,0.2951946712952036
dim_22,ATBR07AB,2,-0.10430366794123512,0.21927721698259559
dim_22,ATBR07AB,3,-0.018917902289558076,0.12996504492404784
dim_22,ATBR07AB,4,0.054342102438083774,0.17885597375843176
dim_22,ATBR12EE,1,-0.27441888521113855,0.11334489833164203
dim_22,ATBR12EE,2,0.33907639929684136,0.05344114844763069
dim_22,ATBR12EE,3,0.008712304763487607,0.09803523973235624
dim_22,ATBR12EE,4,-0.0020826059628425066,0.18487146574789048
dim_22,ATBR08D,1,-0.006978359847145907,0.14350936696707367
dim_22,ATBR08D,2,0.07237871584745825,0.2113469059609156
dim_22,ATBR08D,3,-0.06393587276509306,0.09943588016413073
dim_22,ATBR08D,4,-0.19740273141979628,0.2195155316220294
dim_22,ATBR13D,1,-0.031579702936032676,0.195764118508399
dim_22,ATBR13D,2,-0.032700216455231745,0.13667038085850325
dim_22,ATBR13D,3,0.09536538259855461,0.04197562975989089
dim_22,ATBR13D,4,0.20762110635893466,0.11266913501768755
dim_22,ATBG03,2,0.10028398134597623,0.2177281293768714
dim_22,ATBG03,3,0.16049356515821603,0.26603455456215386
dim_22,ATBG03,4,-0.04997723136073686,0.174907573799952
dim_22,ATBG03,5,0.0038724625255339056,0.11770773436540408
dim_22,ATBG03,6,-0.22016771195285917,0.019573091242832866
dim_22,ACBG14G,1,0.07948331130884041,0.2457825822833614
dim_22,ACBG14G,2,-0.051830063771983625,0.1265809935919841
dim_22,ACBG14G,3,-0.017917625853218863,0.18500387341848645
dim_22,ACBG14G,4,0.2554380568789108,0.026685468692813557
dim_22,ATBR15,1,0.07591031027955947,0.24705498953963098
dim_22,ATBR15,2,0.07316787931127601,0.17160408427026008
dim_22,ATBR15,3,-0.039123364816848104,0.15218788546972753
dim_22,ATBR15,4,-0.17859828505104824,0.08326236414965398
dim_22,ATBR15,5,-0.26478705741281944,0.15540193725748241
dim_23,ACBG14G,1,0.051821914768440155,0.0917127990054441
dim_23,ACBG14G,2,0.08452767432675305,0.11571736708628247
dim_23,ACBG14G,3,-0.110510754358155,0.20266367237949326
dim_23,ACBG14G,4,0.1298704964040982,0.19607316239212783
dim_23,ATBG05BD,1,-0.5083092884915352,0.01593684602600087
dim_23,ATBG05BD,2,0.06886956760850177,0.11718160907557805
dim_23,ATBG05BD,3,-0.019851075107026137,0.18547081954983544
dim_23,ATBR09B,1,-0.09127312741776437,0.12621591415418923
dim_23,ATBR09B,2,0.09670277402553797,0.14316629515319731
dim_23,ATBR09B,3,-0.03735337681760935,0.17077264104840267
dim_23,ATBR09B,4,0.1775098327711837,0.19259802461298262
dim_23,ATBR18C,1,0.03990903553958034,0.16625093691227028
dim_23,ATBR18C,2,0.010535043683222351,0.165162424625751
dim_23,ATBR18C,3,-0.33237130445333174,0.16589628954622532
dim_23,ACBG14E,1,0.02785008091894243,0.16108448487570304
dim_23,ACBG14E,2,0.0008245926310928871,0.16600783736736108
dim_23,ACBG14E,3,-0.1952627808144473,0.21525315665634767
dim_23,ACBG14E,4,0.3160092225211275,0.023132888139388248
dim_23,ATBR10I,1,-0.07349904803345898,0.13938721967416956
dim_23,ATBR10I,2,0.04863936928315492,0.13581132567276663
dim_23,ATBR10I,3,-0.07922390788290906,0.22409081880432596
dim_23,ATBR10I,4,0.2518355585009763,0.35772023756061466
dim_23,ATBG08D,1,-0.06897297039231348,0.16317333098143627
dim_23,ATBG08D,2,0.07631265966146641,0.1775169110025886
dim_23,ATBR10F,1,0.09080098559255469,0.1268464932604225
dim_23,ATBR10F,2,-0.02208361693913006,0.14327493865375127
dim_23,ATBR10F,3,-0.04446598863569189,0.20844982594041106
dim_23,ATBR10F,4,0.2800989646175444,0.26396720733021517
dim_23,ATBR11B,1,0.003133178480224956,0.13006912051300626
dim_23,ATBR11B,2,-0.016472261353697604,0.17832050031024846
dim_23,ATBR11B,3,-0.011581429083707072,0.22835627825038238
dim_23,ATBR11B,4,0.5460699716050743,0.017125020229724244
