LINK_index,ATBG01,ATBR01A,ATBR01B,ATBR02A,ATBR02B,ATBR04,ATBR05,ATBGEAS,ATBGSOS,ATBGTJS,ATBGSLI,ATDGLIHY,ATDGRIHY,ITLANG_TQ,LCID_TQ,ATBG02,ATBG03,ATBG04,ATBG05AA,ATBG05AB,ATBG05AC,ATBG05AD,ATBG05BA,ATBG05BB,ATBG05BC,ATBG05BD,ATBG05BE,ATBG05BF,ATBG05BG,ATBG05BH,ATBG05BI,ATBG05BJ,ATBG05BK,ATBG06,ATBG07AA,ATBG07BA,ATBG07AB,ATBG07BB,ATBG07AC,ATBG07BC,ATBG07AD,ATBG07BD,ATBG07AE,ATBG07BE,ATBG07AF,ATBG07BF,ATBG07AG,ATBG07BG,ATBG08A,ATBG08B,ATBG08C,ATBG08D,ATBG08E,ATBG09A,ATBG09B,ATBG09C,ATBG09D,ATBG10A,ATBG10B,ATBG10C,ATBG10D,ATBG10E,ATBG10F,ATBG10G,ATBG10H,ATBG10I,ATBG10J,ATBG10K,ATBG10L,ATBG11A,ATBG11B,ATBG11C,ATBG11D,ATBG11E,ATBG11F,ATBG11G,ATBG11H,ATBG11I,ATBG12A,ATBG12B,ATBG12C,ATBG12D,ATBG12E,ATBG12F,ATBR03A,ATBR03B,ATBR03C,ATBR03D,ATBR03E,ATBR03F,ATBR03G,ATBR03H,ATBR06A,ATBR06B,ATBR06C,ATBR06D,ATBR06E,ATBR07AA,ATBR07AB,ATBR07AC,ATBR07AD,ATBR07BA,ATBR07BB,ATBR07BC,ATBR07BD,ATBR08A,ATBR08B,ATBR08C,ATBR08D,ATBR08E,ATBR08F,ATBR08G,ATBR08H,ATBR09A,ATBR09B,ATBR09C,ATBR09D,ATBR09E,ATBR09F,ATBR09G,ATBR09H,ATBR09I,ATBR10A,ATBR10B,ATBR10C,ATBR10D,ATBR10E,ATBR10F,ATBR10G,ATBR10H,ATBR10I,ATBR10J,ATBR10K,ATBR10L,ATBR11A,ATBR11B,ATBR11C,ATBR11D,ATBR11E,ATBR12A,ATBR12BA,ATBR12BB,ATBR12BC,ATBR12BD,ATBR12C,ATBR12DA,ATBR12DB,ATBR12DC,ATBR12EA,ATBR12EB,ATBR12EC,ATBR12ED,ATBR12EE,ATBR13A,ATBR13B,ATBR13C,ATBR13D,ATBR13E,ATBR14,ATBR15,ATBR16,ATBR17A,ATBR17B,ATBR17C,ATBR18A,ATBR18B,ATBR18C,ATBR18D,ATBR18E,ATBR19,ATDGEAS,ATDGSOS,ATDGTJS,ATDGSLI
44650015001022500102024,7.0,34.0,34.0,7.0,8.0,240.00000000000003,120.0,5.5941,7.18418,9.82876,9.1022,156.0,78.0,10.0,5124.0,1.0,2.0,5.0,1.0,2.0,2.0,2.0,3.0,2.0,3.0,3.0,2.0,2.0,2.0,2.0,2.0,2.0,2.0,1.0,1.0,2.0,2.0,3.0,2.0,2.0,2.0,2.0,1.0,1.0,1.0,1.0,1.0,2.0,1.0,2.0,1.0,2.0,2.0,2.0,3.0,2.0,3.0,4.0,3.0,3.0,3.0,5.0,5.0,5.0,3.0,4.0,4.0,3.0,2.0,1.0,2.0,2.0,2.0,3.0,4.0,3.0,3.0,2.0,1.0,2.0,2.0,1.0,2.0,2.0,2.0,2.0,1.0,1.0,2.0,3.0,2.0,2.0,2.0,4.0,3.0,3.0,2.0,3.0,3.0,4.0,3.0,1.0,4.0,4.0,4.0,2.0,2.0,2.0,2.0,2.0,2.0,4.0,4.0,3.0,3.0,2.0,2.0,2.0,3.0,3.0,1.0,3.0,1.0,2.0,1.0,2.0,4.0,1.0,2.0,4.0,3.0,4.0,4.0,4.0,4.0,1.0,3.0,3.0,4.0,2.0,2.0,2.0,2.0,2.0,4.0,3.0,3.0,3.0,4.0,4.0,4.0,4.0,4.0,1.0,4.0,4.0,1.0,1.0,4.0,2.0,3.0,3.0,1.0,1.0,1.0,2.0,2.0,3.0,2.0,5.0,3.0,2.0,2.0,2.0
44650045004022500402024,1.0,25.999999999999996,26.0,2.0,13.0,240.00000000000003,60.0,9.7433,11.59162,13.241339999999997,5.96314,159.2,39.8,10.0,5124.0,1.0,1.0,5.0,1.0,1.0,1.0,2.0,3.0,2.0,3.0,2.0,2.0,2.0,2.0,2.0,3.0,2.0,2.0,2.0,2.0,1.0,2.0,2.0,2.0,1.0,1.0,1.0,1.0,2.0,2.0,1.0,2.0,1.0,2.0,2.0,1.0,2.0,2.0,2.0,3.0,3.0,2.0,2.0,2.0,2.0,2.0,1.0,2.0,3.0,3.0,3.0,2.0,3.0,3.0,1.0,1.0,1.0,2.0,2.0,1.0,1.0,1.0,1.0,1.0,1.0,1.0,1.0,1.0,1.0,3.0,2.0,3.0,3.0,3.0,3.0,2.0,2.0,3.0,4.0,3.0,1.0,2.0,2.0,4.0,4.0,1.0,1.0,4.0,4.0,4.0,1.0,1.0,1.0,1.0,1.0,1.0,1.0,1.0,3.0,4.0,3.0,3.0,3.0,3.0,3.0,2.0,2.0,2.0,2.0,2.0,1.0,2.0,3.0,3.0,3.0,3.0,1.0,4.0,4.0,1.0,1.0,1.0,4.0,4.0,1.0,2.0,2.0,1.0,2.0,3.0,3.0,3.0,3.0,2.0,4.0,4.0,4.0,4.0,1.0,1.0,1.0,1.0,2.0,2.0,3.0,3.0,1.0,2.0,1.0,1.0,1.0,1.0,2.0,1.0,5.0,2.0,1.0,1.0,3.0
44650055005011500501014,29.000000000000004,30.999999999999996,31.0,4.0,4.0,220.0,40.0,7.32427,9.42597,7.334360000000001,10.27928,143.0,26.0,10.0,5124.0,1.0,4.0,4.0,1.0,2.0,2.0,2.0,2.0,2.0,2.0,2.0,2.0,2.0,1.0,2.0,2.0,2.0,1.0,3.0,1.0,2.0,1.0,2.0,1.0,2.0,1.0,2.0,2.0,2.0,1.0,2.0,1.0,2.0,2.0,2.0,2.0,3.0,3.0,2.0,3.0,1.0,1.0,2.0,3.0,3.0,3.0,3.0,3.0,4.0,3.0,4.0,3.0,3.0,2.0,2.0,2.0,2.0,2.0,1.0,2.0,1.0,1.0,2.0,3.0,3.0,1.0,1.0,3.0,3.0,2.0,1.0,1.0,1.0,1.0,2.0,2.0,3.0,4.0,4.0,4.0,3.0,3.0,2.0,4.0,4.0,2.0,2.0,4.0,4.0,4.0,1.0,1.0,1.0,1.0,2.0,3.0,4.0,4.0,4.0,4.0,3.0,4.0,3.0,3.0,3.0,3.0,4.0,1.0,2.0,4.0,3.0,4.0,4.0,4.0,4.0,3.0,4.0,4.0,4.0,3.0,3.0,4.0,3.0,4.0,2.0,2.0,2.0,2.0,2.0,4.0,3.0,3.0,3.0,4.0,4.0,4.0,4.0,4.0,1.0,1.0,3.0,1.0,2.0,4.0,1.0,1.0,1.0,1.0,2.0,2.0,1.0,1.0,2.0,2.0,5.0,3.0,2.0,2.0,2.0
44650065006011500601014,18.0,19.0,19.0,7.0,0.0,540.0,315.0,9.13986,9.89419,9.27422,7.52318,350.99999999999994,204.75,45.0,20701.0,1.0,4.0,5.0,1.0,2.0,1.0,1.0,2.0,2.0,1.0,2.0,1.0,1.0,3.0,2.0,1.0,1.0,1.0,1.0,2.0,1.0,1.0,1.0,1.0,1.0,1.0,2.0,1.0,2.0,1.0,1.0,2.0,1.0,1.0,2.0,2.0,1.0,2.0,3.0,3.0,3.0,3.0,2.0,3.0,3.0,2.0,2.0,3.0,3.0,2.0,3.0,3.0,2.0,2.0,1.0,1.0,1.0,2.0,1.0,1.0,2.0,3.0,2.0,1.0,1.0,2.0,2.0,2.0,3.0,3.0,1.0,3.0,2.0,2.0,3.0,2.0,2.0,1.0,4.0,4.0,3.0,2.0,1.0,3.0,3.0,1.0,1.0,4.0,3.0,2.0,1.0,1.0,1.0,1.0,1.0,1.0,3.0,2.0,3.0,3.0,1.0,2.0,1.0,1.0,2.0,2.0,2.0,1.0,1.0,1.0,1.0,1.0,2.0,2.0,1.0,1.0,1.0,2.0,2.0,1.0,1.0,1.0,1.0,4.0,2.0,2.0,2.0,2.0,2.0,4.0,3.0,3.0,3.0,4.0,4.0,4.0,4.0,4.0,1.0,2.0,3.0,1.0,1.0,1.0,4.0,3.0,1.0,1.0,1.0,1.0,1.0,1.0,1.0,2.0,5.0,3.0,2.0,2.0,2.0
44650065006022500602024,8.0,20.0,20.0,14.0,7.0,405.0,550.0,7.63433,8.99685,9.27422,6.51654,263.25,357.5,45.0,20701.0,1.0,3.0000000000000004,5.0,1.0,2.0,2.0,1.0,2.0,2.0,3.0,2.0,3.0,2.0,3.0,3.0,3.0,2.0,2.0,3.0,2.0,1.0,2.0,1.0,2.0,1.0,2.0,2.0,1.0,1.0,1.0,1.0,2.0,2.0,1.0,1.0,1.0,1.0,1.0,2.0,3.0,3.0,3.0,3.0,3.0,2.0,3.0,4.0,3.0,3.0,2.0,3.0,3.0,3.0,3.0,1.0,1.0,2.0,2.0,2.0,2.0,2.0,2.0,2.0,1.0,2.0,1.0,2.0,2.0,3.0,3.0,2.0,3.0,2.0,1.0,3.0,3.0,3.0,2.0,3.0,3.0,2.0,2.0,1.0,3.0,3.0,2.0,1.0,3.0,3.0,2.0,1.0,1.0,1.0,2.0,1.0,1.0,2.0,1.0,1.0,1.0,1.0,1.0,1.0,1.0,1.0,1.0,2.0,1.0,1.0,1.0,1.0,1.0,2.0,1.0,2.0,1.0,1.0,3.0,3.0,2.0,3.0,2.0,4.0,2.0,1.0,2.0,1.0,1.0,2.0,2.0,1.0,2.0,1.0,3.0,2.0,3.0,4.0,3.0,1.0,2.0,3.0,2.0,1.0,3.0,4.0,3.0,1.0,1.0,1.0,2.0,1.0,1.0,2.0,1.0,2.0,3.0,2.0,2.0,3.0
44650065006033500603034,15.0,20.0,20.0,3.0,2.0,320.0,200.0,7.63433,9.42597,3.83998,8.0267,208.0,130.0,45.0,20701.0,1.0,3.0000000000000004,5.0,1.0,2.0,1.0,2.0,3.0,3.0,3.0,3.0,3.0,3.0,3.0,2.0,3.0,2.0,2.0,1.0,2.0,1.0,2.0,1.0,2.0,1.0,2.0,1.0,1.0,1.0,2.0,1.0,2.0,1.0,1.0,1.0,1.0,1.0,1.0,2.0,3.0,3.0,3.0,3.0,3.0,3.0,3.0,3.0,3.0,3.0,2.0,3.0,3.0,3.0,3.0,1.0,1.0,1.0,2.0,2.0,2.0,2.0,2.0,2.0,3.0,3.0,3.0,3.0,3.0,3.0,3.0,1.0,2.0,1.0,1.0,3.0,3.0,3.0,2.0,4.0,3.0,3.0,2.0,2.0,3.0,3.0,2.0,1.0,3.0,3.0,2.0,1.0,1.0,1.0,3.0,1.0,2.0,2.0,4.0,4.0,4.0,1.0,1.0,1.0,1.0,1.0,3.0,2.0,1.0,1.0,1.0,2.0,2.0,1.0,1.0,2.0,3.0,2.0,3.0,3.0,2.0,1.0,2.0,1.0,1.0,2.0,2.0,2.0,2.0,2.0,4.0,3.0,3.0,3.0,4.0,4.0,4.0,4.0,4.0,1.0,1.0,2.0,3.0,1.0,4.0,2.0,1.0,1.0,1.0,1.0,1.0,1.0,1.0,1.0,2.0,5.0,3.0,2.0,3.0,2.0
44650075007055500705054,4.0,32.0,32.0,0.0,0.0,360.0,300.0,9.7433,10.40627,5.21324,5.96314,210.0,175.0,10.0,5124.0,2.0,2.0,5.0,1.0,1.0,1.0,2.0,3.0,2.0,2.0,2.0,2.0,2.0,1.0,2.0,2.0,1.0,2.0,1.0,1.0,1.0,1.0,2.0,2.0,1.0,1.0,2.0,2.0,2.0,1.0,1.0,1.0,2.0,2.0,1.0,1.0,2.0,2.0,2.0,3.0,3.0,3.0,2.0,2.0,2.0,2.0,4.0,2.0,3.0,2.0,2.0,2.0,3.0,2.0,1.0,1.0,1.0,1.0,2.0,1.0,2.0,3.0,1.0,3.0,3.0,2.0,3.0,3.0,3.0,3.0,2.0,3.0,2.0,3.0,3.0,3.0,2.0,2.0,3.0,3.0,3.0,3.0,2.0,4.0,4.0,4.0,3.0,4.0,3.0,3.0,2.0,2.0,2.0,3.0,3.0,3.0,3.0,4.0,1.0,1.0,3.0,1.0,1.0,3.0,2.0,1.0,2.0,1.0,2.0,1.0,3.0,4.0,2.0,2.0,2.0,2.0,3.0,4.0,4.0,2.0,1.0,1.0,2.0,4.0,2.0,2.0,2.0,2.0,2.0,4.0,3.0,3.0,3.0,4.0,4.0,4.0,4.0,4.0,1.0,4.0,1.0,1.0,1.0,3.0,3.0,2.0,2.0,2.0,1.0,2.0,1.0,1.0,2.0,1.0,5.0,2.0,1.0,3.0,3.0
44650095009011500901014,28.0,35.99999999999999,36.0,2.0,15.0,280.0,80.0,11.58744,10.96579,9.27422,9.1022,182.0,52.0,10.0,5124.0,1.0,4.0,5.0,1.0,2.0,2.0,2.0,3.0,1.0,2.0,1.0,2.0,1.0,2.0,1.0,1.0,1.0,1.0,2.0,2.0,1.0,2.0,2.0,2.0,1.0,2.0,1.0,2.0,2.0,2.0,1.0,2.0,1.0,1.0,1.0,1.0,1.0,2.0,1.0,3.0,2.0,1.0,1.0,2.0,2.0,2.0,1.0,2.0,2.0,2.0,2.0,2.0,2.0,2.0,1.0,1.0,1.0,1.0,1.0,2.0,1.0,2.0,2.0,2.0,1.0,2.0,2.0,2.0,2.0,3.0,2.0,2.0,1.0,1.0,2.0,2.0,2.0,2.0,4.0,4.0,3.0,2.0,3.0,3.0,4.0,4.0,3.0,4.0,4.0,3.0,3.0,4.0,3.0,3.0,2.0,3.0,3.0,4.0,3.0,4.0,3.0,2.0,2.0,3.0,3.0,2.0,3.0,3.0,3.0,3.0,3.0,3.0,3.0,3.0,3.0,3.0,3.0,4.0,4.0,4.0,3.0,4.0,4.0,4.0,2.0,2.0,2.0,2.0,2.0,4.0,3.0,3.0,3.0,4.0,4.0,4.0,4.0,4.0,1.0,4.0,4.0,2.0,1.0,4.0,2.0,2.0,1.0,1.0,1.0,1.0,1.0,2.0,1.0,2.0,1.0,2.0,1.0,2.0,2.0
44650135013022501302024,2.0,35.99999999999999,36.0,0.0,0.0,640.0,360.0,17.49801,13.6815,13.241339999999997,15.07968,416.0,234.0,10.0,5124.0,1.0,2.0,5.0,1.0,2.0,1.0,2.0,3.0,3.0,3.0,3.0,3.0,3.0,3.0,3.0,3.0,2.0,3.0,1.0,1.0,1.0,1.0,1.0,1.0,1.0,1.0,1.0,1.0,1.0,1.0,1.0,1.0,1.0,1.0,1.0,1.0,1.0,1.0,1.0,2.0,2.0,1.0,1.0,1.0,1.0,1.0,1.0,1.0,1.0,1.0,1.0,1.0,1.0,1.0,1.0,1.0,1.0,1.0,1.0,1.0,1.0,1.0,1.0,1.0,1.0,1.0,1.0,1.0,1.0,1.0,1.0,1.0,1.0,1.0,1.0,1.0,1.0,2.0,3.0,2.0,2.0,2.0,1.0,3.0,2.0,2.0,1.0,2.0,1.0,1.0,1.0,1.0,1.0,1.0,1.0,1.0,1.0,1.0,1.0,1.0,1.0,1.0,1.0,1.0,1.0,1.0,1.0,1.0,1.0,1.0,1.0,1.0,1.0,1.0,1.0,1.0,1.0,2.0,2.0,2.0,1.0,1.0,2.0,2.0,2.0,2.0,2.0,2.0,2.0,4.0,3.0,3.0,3.0,4.0,4.0,4.0,4.0,4.0,1.0,3.0,2.0,1.0,2.0,1.0,1.0,2.0,1.0,1.0,1.0,1.0,1.0,1.0,2.0,2.0,5.0,1.0,1.0,1.0,1.0
44650155015011501501014,33.0,35.0,35.0,0.0,0.0,210.0,209.99999999999997,14.29769,12.35702,13.241339999999997,9.68037,136.5,136.5,10.0,5124.0,1.0,5.0,5.0,2.0,2.0,2.0,1.0,3.0,1.0,2.0,2.0,1.0,1.0,1.0,1.0,1.0,1.0,1.0,1.0,2.0,2.0,2.0,2.0,2.0,2.0,2.0,2.0,2.0,2.0,2.0,2.0,2.0,2.0,1.0,1.0,1.0,1.0,1.0,1.0,1.0,1.0,1.0,1.0,1.0,1.0,1.0,1.0,1.0,1.0,1.0,2.0,1.0,2.0,2.0,1.0,1.0,1.0,1.0,1.0,2.0,1.0,1.0,1.0,1.0,1.0,1.0,1.0,1.0,1.0,1.0,2.0,2.0,1.0,2.0,2.0,2.0,2.0,3.0,3.0,3.0,2.0,3.0,1.0,1.0,1.0,1.0,1.0,1.0,1.0,1.0,1.0,1.0,3.0,1.0,1.0,1.0,1.0,1.0,2.0,2.0,2.0,2.0,2.0,2.0,2.0,2.0,2.0,1.0,1.0,1.0,2.0,1.0,1.0,1.0,1.0,2.0,2.0,2.0,2.0,2.0,2.0,2.0,2.0,2.0,2.0,2.0,2.0,2.0,2.0,4.0,3.0,3.0,3.0,4.0,4.0,4.0,4.0,4.0,1.0,4.0,4.0,1.0,2.0,3.0,5.0,3.0,1.0,2.0,1.0,1.0,1.0,1.0,1.0,1.0,5.0,1.0,1.0,1.0,2.0
44650165016011501601014,4.0,20.0,20.0,3.0,9.0,105.0,70.0,7.0062,6.054530000000001,5.21324,7.52318,68.25,45.5,10.0,5124.0,1.0,2.0,5.0,2.0,2.0,2.0,1.0,2.0,1.0,2.0,3.0,3.0,2.0,3.0,1.0,2.0,2.0,1.0,3.0,1.0,1.0,2.0,2.0,1.0,2.0,2.0,1.0,1.0,1.0,1.0,1.0,2.0,2.0,2.0,2.0,1.0,2.0,2.0,2.0,3.0,2.0,2.0,2.0,2.0,3.0,3.0,3.0,3.0,4.0,3.0,4.0,4.0,3.0,3.0,3.0,3.0,2.0,4.0,2.0,3.0,3.0,2.0,3.0,3.0,2.0,3.0,3.0,3.0,3.0,2.0,2.0,1.0,2.0,3.0,3.0,2.0,3.0,2.0,3.0,3.0,3.0,4.0,2.0,4.0,4.0,3.0,2.0,3.0,3.0,3.0,1.0,1.0,1.0,2.0,2.0,3.0,2.0,3.0,2.0,2.0,1.0,2.0,3.0,2.0,2.0,3.0,3.0,1.0,1.0,2.0,2.0,2.0,2.0,1.0,3.0,3.0,3.0,4.0,4.0,2.0,1.0,2.0,3.0,3.0,2.0,2.0,2.0,2.0,2.0,4.0,3.0,3.0,3.0,4.0,4.0,4.0,4.0,4.0,1.0,3.0,3.0,2.0,2.0,1.0,2.0,1.0,2.0,1.0,1.0,2.0,1.0,2.0,2.0,1.0,5.0,3.0,3.0,3.0,2.0
44650175017011501701014,5.0,11.0,11.0,2.0,5.0,250.0,45.0,7.0062,6.83434,9.82876,9.68037,158.33333,28.5,10.0,5124.0,1.0,2.0,5.0,1.0,1.0,2.0,2.0,3.0,2.0,3.0,3.0,3.0,3.0,3.0,2.0,2.0,3.0,2.0,2.0,1.0,1.0,2.0,1.0,1.0,1.0,2.0,2.0,1.0,2.0,1.0,1.0,1.0,1.0,2.0,2.0,2.0,2.0,2.0,1.0,2.0,2.0,1.0,2.0,3.0,3.0,3.0,4.0,3.0,3.0,3.0,4.0,3.0,3.0,3.0,2.0,2.0,2.0,2.0,3.0,3.0,2.0,3.0,3.0,3.0,1.0,1.0,1.0,1.0,3.0,2.0,1.0,2.0,2.0,2.0,2.0,1.0,2.0,3.0,4.0,4.0,3.0,2.0,3.0,3.0,3.0,4.0,3.0,3.0,3.0,3.0,2.0,2.0,3.0,3.0,2.0,2.0,3.0,3.0,3.0,3.0,2.0,3.0,2.0,2.0,3.0,2.0,3.0,2.0,2.0,2.0,3.0,3.0,3.0,3.0,3.0,3.0,3.0,3.0,3.0,3.0,3.0,3.0,3.0,3.0,1.0,1.0,1.0,1.0,2.0,1.0,2.0,2.0,2.0,3.0,3.0,3.0,3.0,3.0,1.0,1.0,3.0,1.0,2.0,1.0,3.0,2.0,2.0,1.0,1.0,1.0,1.0,2.0,2.0,1.0,2.0,3.0,2.0,2.0,2.0
44650185018011501801014,25.0,35.0,35.0,4.0,20.0,240.00000000000003,75.0,6.67793,6.464339999999999,11.01744,9.1022,146.4,45.75,10.0,5124.0,1.0,5.0,4.0,1.0,2.0,2.0,2.0,3.0,3.0,3.0,3.0,3.0,3.0,3.0,3.0,3.0,2.0,1.0,1.0,2.0,1.0,1.0,2.0,2.0,2.0,1.0,1.0,2.0,1.0,1.0,2.0,1.0,1.0,1.0,1.0,1.0,1.0,1.0,2.0,3.0,1.0,1.0,3.0,3.0,2.0,3.0,4.0,4.0,4.0,3.0,4.0,3.0,3.0,2.0,1.0,1.0,3.0,3.0,3.0,3.0,3.0,3.0,3.0,1.0,1.0,1.0,1.0,1.0,3.0,2.0,2.0,2.0,1.0,2.0,2.0,2.0,2.0,2.0,3.0,2.0,3.0,4.0,2.0,4.0,3.0,3.0,3.0,3.0,3.0,3.0,2.0,2.0,2.0,2.0,2.0,3.0,2.0,4.0,2.0,2.0,2.0,2.0,2.0,2.0,2.0,2.0,2.0,3.0,3.0,3.0,3.0,3.0,3.0,3.0,3.0,3.0,3.0,4.0,4.0,3.0,3.0,3.0,3.0,4.0,1.0,2.0,2.0,1.0,2.0,3.0,3.0,3.0,3.0,4.0,4.0,4.0,4.0,4.0,1.0,4.0,1.0,1.0,2.0,4.0,2.0,2.0,2.0,2.0,2.0,1.0,1.0,1.0,2.0,1.0,5.0,3.0,3.0,1.0,2.0
44650195019011501901014,12.000000000000002,20.0,20.0,1.0,1.0,280.0,139.99999999999997,10.35049,13.6815,13.241339999999997,15.07968,182.0,91.0,10.0,5124.0,1.0,3.0000000000000004,6.0,1.0,2.0,2.0,2.0,2.0,1.0,3.0,3.0,3.0,3.0,2.0,1.0,1.0,1.0,2.0,2.0,1.0,1.0,2.0,1.0,1.0,1.0,1.0,1.0,2.0,1.0,1.0,1.0,1.0,1.0,2.0,2.0,2.0,2.0,2.0,1.0,3.0,1.0,1.0,1.0,1.0,1.0,1.0,1.0,3.0,3.0,3.0,3.0,3.0,3.0,3.0,1.0,1.0,1.0,1.0,1.0,1.0,1.0,1.0,1.0,1.0,1.0,1.0,1.0,1.0,1.0,1.0,1.0,1.0,1.0,1.0,1.0,1.0,1.0,1.0,4.0,3.0,4.0,3.0,1.0,4.0,4.0,2.0,1.0,4.0,4.0,2.0,2.0,1.0,2.0,1.0,1.0,1.0,4.0,4.0,1.0,1.0,1.0,1.0,2.0,1.0,1.0,1.0,1.0,1.0,1.0,1.0,1.0,1.0,1.0,1.0,1.0,1.0,1.0,1.0,4.0,1.0,1.0,1.0,3.0,3.0,1.0,2.0,2.0,1.0,2.0,4.0,3.0,3.0,3.0,4.0,4.0,4.0,4.0,4.0,1.0,2.0,1.0,1.0,1.0,1.0,3.0,2.0,3.0,1.0,1.0,1.0,1.0,1.0,1.0,1.0,1.0,2.0,1.0,1.0,1.0
44650195019012501901024,12.000000000000002,22.0,22.0,0.0,10.0,280.0,139.99999999999997,8.24023,9.42597,13.241339999999997,9.1022,182.0,91.0,10.0,5124.0,1.0,3.0000000000000004,6.0,1.0,2.0,2.0,2.0,2.0,1.0,3.0,3.0,3.0,3.0,2.0,1.0,1.0,1.0,2.0,2.0,1.0,1.0,2.0,1.0,1.0,1.0,2.0,1.0,2.0,1.0,1.0,1.0,1.0,1.0,2.0,2.0,2.0,2.0,2.0,1.0,3.0,1.0,1.0,1.0,1.0,1.0,1.0,1.0,5.0,5.0,5.0,5.0,5.0,5.0,5.0,1.0,1.0,1.0,2.0,2.0,3.0,1.0,2.0,2.0,1.0,1.0,1.0,1.0,1.0,1.0,3.0,1.0,2.0,1.0,2.0,3.0,1.0,2.0,1.0,4.0,3.0,4.0,3.0,1.0,4.0,4.0,3.0,1.0,4.0,4.0,4.0,2.0,1.0,2.0,1.0,1.0,1.0,4.0,4.0,1.0,1.0,1.0,1.0,1.0,1.0,1.0,1.0,1.0,2.0,2.0,2.0,2.0,2.0,2.0,2.0,2.0,2.0,2.0,2.0,3.0,2.0,2.0,3.0,3.0,3.0,1.0,2.0,2.0,1.0,2.0,3.0,2.0,2.0,2.0,3.0,3.0,3.0,3.0,3.0,2.0,1.0,1.0,4.0,2.0,1.0,3.0,2.0,3.0,1.0,1.0,2.0,1.0,2.0,2.0,2.0,1.0,3.0,2.0,1.0,2.0
44650205020011502001014,11.0,21.0,21.0,2.0,3.0000000000000004,280.0,40.0,7.32427,4.91298,3.83998,7.52318,182.0,26.0,10.0,5124.0,1.0,4.0,5.0,1.0,2.0,1.0,2.0,3.0,3.0,3.0,3.0,2.0,2.0,2.0,2.0,2.0,1.0,1.0,3.0,1.0,1.0,2.0,1.0,2.0,2.0,2.0,2.0,2.0,2.0,2.0,1.0,2.0,1.0,2.0,2.0,1.0,1.0,1.0,2.0,2.0,2.0,2.0,3.0,3.0,3.0,3.0,3.0,3.0,3.0,3.0,3.0,3.0,3.0,3.0,3.0,2.0,3.0,3.0,3.0,3.0,3.0,3.0,3.0,3.0,3.0,3.0,3.0,3.0,3.0,3.0,3.0,2.0,2.0,2.0,2.0,2.0,2.0,2.0,3.0,2.0,2.0,4.0,3.0,3.0,3.0,3.0,3.0,3.0,3.0,3.0,3.0,3.0,3.0,3.0,4.0,3.0,3.0,4.0,3.0,3.0,3.0,3.0,3.0,3.0,3.0,3.0,3.0,3.0,3.0,3.0,4.0,4.0,3.0,4.0,4.0,4.0,4.0,4.0,4.0,4.0,3.0,3.0,3.0,4.0,2.0,2.0,2.0,2.0,2.0,4.0,3.0,3.0,3.0,4.0,4.0,4.0,4.0,4.0,1.0,3.0,4.0,1.0,2.0,2.0,1.0,3.0,2.0,1.0,2.0,2.0,1.0,1.0,2.0,2.0,5.0,3.0,3.0,3.0,2.0
44650225022011502201014,2.0,29.000000000000004,29.000000000000004,6.0,12.000000000000002,280.0,60.0,9.44107,10.40627,9.27422,7.52318,168.0,36.0,10.0,5124.0,2.0,2.0,5.0,1.0,1.0,1.0,1.0,3.0,3.0,3.0,3.0,2.0,3.0,2.0,2.0,3.0,1.0,2.0,2.0,2.0,1.0,2.0,2.0,2.0,1.0,2.0,1.0,1.0,2.0,1.0,1.0,2.0,1.0,2.0,2.0,1.0,3.0,2.0,2.0,3.0,2.0,1.0,2.0,2.0,3.0,2.0,2.0,2.0,3.0,3.0,3.0,2.0,3.0,2.0,1.0,1.0,2.0,2.0,1.0,2.0,1.0,1.0,2.0,2.0,1.0,2.0,2.0,2.0,2.0,2.0,1.0,1.0,3.0,2.0,3.0,3.0,3.0,3.0,4.0,3.0,4.0,3.0,2.0,3.0,3.0,3.0,3.0,3.0,2.0,3.0,2.0,3.0,3.0,2.0,2.0,2.0,3.0,2.0,2.0,2.0,3.0,2.0,3.0,2.0,2.0,2.0,3.0,2.0,2.0,2.0,2.0,3.0,3.0,2.0,3.0,2.0,2.0,2.0,2.0,2.0,2.0,2.0,3.0,3.0,2.0,2.0,2.0,2.0,2.0,4.0,3.0,3.0,3.0,4.0,4.0,4.0,4.0,4.0,2.0,1.0,1.0,4.0,2.0,1.0,4.0,2.0,2.0,1.0,2.0,2.0,1.0,2.0,1.0,2.0,5.0,2.0,1.0,2.0,2.0
44650235023022502302024,5.0,25.999999999999996,26.0,2.0,5.0,320.0,100.0,12.95333,13.6815,13.241339999999997,11.57611,434.4,54.3,1.0,10333.0,1.0,3.0000000000000004,6.0,1.0,2.0,2.0,2.0,1.0,3.0,3.0,3.0,3.0,3.0,3.0,1.0,3.0,3.0,3.0,3.0,2.0,2.0,2.0,2.0,2.0,2.0,2.0,2.0,2.0,2.0,1.0,2.0,2.0,2.0,1.0,1.0,1.0,1.0,1.0,2.0,3.0,2.0,1.0,1.0,1.0,1.0,1.0,1.0,2.0,2.0,1.0,2.0,2.0,1.0,3.0,1.0,1.0,1.0,1.0,1.0,1.0,1.0,1.0,1.0,1.0,1.0,1.0,1.0,1.0,1.0,2.0,1.0,1.0,1.0,1.0,2.0,1.0,2.0,2.0,2.0,2.0,3.0,2.0,2.0,2.0,3.0,4.0,2.0,2.0,2.0,3.0,3.0,2.0,2.0,2.0,2.0,2.0,2.0,2.0,2.0,1.0,1.0,1.0,1.0,1.0,1.0,1.0,2.0,2.0,2.0,2.0,2.0,2.0,2.0,2.0,3.0,2.0,2.0,3.0,3.0,2.0,2.0,2.0,2.0,3.0,1.0,2.0,1.0,1.0,1.0,1.0,1.0,1.0,1.0,2.0,2.0,2.0,2.0,2.0,1.0,3.0,4.0,1.0,1.0,1.0,3.0,2.0,1.0,2.0,1.0,1.0,1.0,1.0,2.0,1.0,1.0,1.0,1.0,1.0,1.0
44650235023044502304044,11.0,25.999999999999996,10.0,3.0,3.0000000000000004,120.00000000000001,120.0,11.58744,8.59932,11.01744,8.54995,78.0,78.0,1.0,10333.0,1.0,3.0000000000000004,5.0,2.0,2.0,2.0,1.0,1.0,1.0,2.0,2.0,2.0,1.0,2.0,1.0,2.0,3.0,1.0,3.0,2.0,3.0,2.0,3.0,2.0,3.0,2.0,3.0,2.0,3.0,2.0,3.0,2.0,3.0,2.0,2.0,2.0,2.0,2.0,2.0,3.0,3.0,2.0,1.0,1.0,2.0,2.0,2.0,2.0,3.0,3.0,2.0,1.0,1.0,2.0,1.0,1.0,1.0,2.0,2.0,3.0,3.0,2.0,2.0,1.0,1.0,2.0,2.0,1.0,1.0,2.0,2.0,2.0,2.0,2.0,2.0,2.0,2.0,4.0,4.0,4.0,4.0,4.0,4.0,4.0,4.0,4.0,4.0,4.0,4.0,4.0,4.0,4.0,4.0,4.0,4.0,4.0,4.0,4.0,4.0,4.0,4.0,4.0,4.0,4.0,4.0,4.0,4.0,4.0,4.0,4.0,4.0,4.0,4.0,4.0,4.0,4.0,4.0,4.0,4.0,4.0,4.0,4.0,4.0,4.0,1.0,2.0,1.0,1.0,1.0,4.0,3.0,3.0,3.0,4.0,4.0,4.0,4.0,4.0,1.0,4.0,4.0,1.0,1.0,4.0,1.0,2.0,2.0,3.0,2.0,3.0,3.0,3.0,3.0,3.0,5.0,2.0,2.0,1.0,2.0
44650245024011502401014,5.0,17.0,17.0,0.0,7.0,720.0,90.0,10.65566,9.89419,13.241339999999997,9.1022,434.4,54.3,1.0,10333.0,2.0,3.0000000000000004,5.0,1.0,2.0,1.0,1.0,3.0,3.0,3.0,2.0,3.0,3.0,2.0,2.0,3.0,2.0,2.0,1.0,2.0,1.0,2.0,1.0,2.0,1.0,2.0,1.0,2.0,1.0,2.0,1.0,2.0,1.0,1.0,1.0,1.0,1.0,1.0,2.0,3.0,2.0,2.0,2.0,2.0,2.0,1.0,2.0,3.0,2.0,2.0,2.0,3.0,3.0,1.0,1.0,1.0,1.0,2.0,2.0,2.0,1.0,2.0,2.0,1.0,1.0,1.0,1.0,1.0,1.0,2.0,1.0,2.0,2.0,2.0,2.0,2.0,2.0,1.0,3.0,2.0,3.0,2.0,2.0,1.0,4.0,3.0,3.0,3.0,3.0,3.0,2.0,2.0,2.0,2.0,2.0,2.0,4.0,3.0,3.0,1.0,3.0,3.0,3.0,4.0,3.0,3.0,3.0,2.0,3.0,2.0,3.0,3.0,3.0,3.0,3.0,3.0,2.0,3.0,3.0,3.0,2.0,2.0,2.0,3.0,1.0,1.0,1.0,1.0,2.0,1.0,1.0,1.0,1.0,2.0,2.0,2.0,3.0,3.0,1.0,1.0,3.0,2.0,2.0,1.0,4.0,2.0,2.0,2.0,1.0,1.0,1.0,2.0,2.0,1.0,1.0,2.0,2.0,1.0,2.0
44650255025011502501014,5.0,25.999999999999996,26.0,0.0,2.0,320.0,40.0,12.58648,9.42597,9.27422,10.90415,208.0,26.0,10.0,5124.0,2.0,3.0000000000000004,5.0,2.0,2.0,1.0,2.0,3.0,3.0,1.0,1.0,1.0,3.0,1.0,3.0,3.0,1.0,2.0,1.0,1.0,2.0,1.0,2.0,1.0,1.0,1.0,2.0,1.0,2.0,1.0,1.0,1.0,1.0,3.0,3.0,2.0,1.0,2.0,1.0,3.0,2.0,3.0,1.0,1.0,1.0,1.0,1.0,2.0,2.0,2.0,2.0,2.0,2.0,2.0,1.0,1.0,1.0,2.0,2.0,2.0,2.0,2.0,2.0,2.0,1.0,1.0,1.0,3.0,3.0,2.0,1.0,1.0,1.0,1.0,2.0,2.0,2.0,3.0,4.0,2.0,2.0,2.0,3.0,4.0,3.0,2.0,1.0,4.0,4.0,2.0,1.0,1.0,1.0,1.0,2.0,1.0,1.0,2.0,2.0,2.0,2.0,1.0,1.0,1.0,1.0,2.0,2.0,1.0,2.0,1.0,1.0,1.0,2.0,1.0,1.0,1.0,2.0,3.0,3.0,3.0,3.0,3.0,3.0,3.0,2.0,2.0,2.0,2.0,2.0,4.0,3.0,3.0,3.0,4.0,4.0,4.0,4.0,4.0,1.0,4.0,4.0,1.0,1.0,2.0,2.0,3.0,1.0,2.0,1.0,1.0,1.0,1.0,2.0,1.0,5.0,2.0,2.0,2.0,1.0
44650275027011502701014,18.0,22.0,22.0,10.0,12.000000000000002,320.0,419.99999999999994,7.0062,8.22671,13.241339999999997,8.54995,208.0,116.66667,10.0,5124.0,1.0,4.0,4.0,1.0,2.0,2.0,1.0,2.0,2.0,3.0,3.0,3.0,2.0,2.0,2.0,2.0,1.0,2.0,3.0,1.0,1.0,2.0,2.0,2.0,2.0,2.0,2.0,2.0,2.0,2.0,1.0,2.0,1.0,2.0,2.0,2.0,2.0,2.0,2.0,3.0,3.0,1.0,3.0,3.0,2.0,3.0,3.0,4.0,4.0,2.0,4.0,3.0,3.0,3.0,2.0,2.0,2.0,2.0,2.0,2.0,2.0,2.0,2.0,1.0,1.0,1.0,1.0,1.0,1.0,3.0,1.0,1.0,1.0,2.0,2.0,3.0,3.0,3.0,4.0,4.0,3.0,4.0,3.0,4.0,4.0,3.0,4.0,4.0,4.0,4.0,1.0,1.0,2.0,1.0,1.0,1.0,3.0,1.0,3.0,3.0,3.0,3.0,3.0,4.0,4.0,3.0,3.0,2.0,2.0,2.0,2.0,2.0,2.0,2.0,2.0,2.0,2.0,4.0,4.0,2.0,2.0,4.0,4.0,4.0,1.0,2.0,2.0,2.0,2.0,1.0,3.0,3.0,3.0,2.0,4.0,4.0,4.0,4.0,1.0,2.0,3.0,2.0,1.0,4.0,1.0,1.0,2.0,1.0,1.0,1.0,1.0,2.0,2.0,3.0,5.0,3.0,2.0,1.0,2.0
44650285028022502802024,15.0,30.999999999999996,31.0,0.0,2.0,120.00000000000001,60.0,9.13986,6.464339999999999,6.680299999999999,9.68037,78.0,39.0,10.0,5124.0,1.0,3.0000000000000004,5.0,1.0,2.0,1.0,2.0,3.0,2.0,3.0,3.0,2.0,2.0,2.0,3.0,2.0,3.0,3.0,2.0,1.0,1.0,1.0,2.0,1.0,2.0,1.0,2.0,1.0,1.0,2.0,2.0,2.0,2.0,1.0,2.0,2.0,2.0,2.0,1.0,3.0,2.0,3.0,2.0,2.0,3.0,3.0,3.0,2.0,3.0,1.0,4.0,3.0,2.0,2.0,1.0,2.0,3.0,3.0,3.0,2.0,3.0,3.0,3.0,2.0,3.0,2.0,3.0,3.0,2.0,1.0,2.0,2.0,2.0,2.0,1.0,2.0,2.0,3.0,2.0,3.0,3.0,3.0,2.0,3.0,3.0,2.0,3.0,3.0,2.0,3.0,2.0,2.0,3.0,2.0,2.0,3.0,2.0,2.0,2.0,1.0,3.0,3.0,2.0,3.0,3.0,3.0,2.0,1.0,2.0,3.0,2.0,2.0,3.0,2.0,3.0,2.0,3.0,3.0,3.0,2.0,3.0,1.0,3.0,2.0,2.0,2.0,2.0,2.0,2.0,4.0,3.0,3.0,3.0,4.0,4.0,4.0,4.0,4.0,1.0,3.0,4.0,1.0,1.0,3.0,2.0,2.0,1.0,2.0,2.0,2.0,2.0,3.0,2.0,3.0,3.0,3.0,3.0,3.0,2.0
44650305030022503002024,2.0,34.0,34.0,0.0,2.0,360.0,120.0,13.7901,13.6815,8.67953,5.96314,234.0,78.0,10.0,5124.0,2.0,2.0,5.0,2.0,2.0,1.0,2.0,3.0,3.0,3.0,2.0,1.0,1.0,1.0,2.0,1.0,1.0,1.0,2.0,1.0,2.0,2.0,2.0,2.0,2.0,2.0,2.0,2.0,2.0,2.0,2.0,2.0,2.0,2.0,2.0,2.0,2.0,2.0,2.0,2.0,2.0,2.0,1.0,1.0,1.0,1.0,1.0,1.0,1.0,2.0,2.0,1.0,2.0,2.0,1.0,1.0,1.0,1.0,1.0,1.0,1.0,1.0,1.0,1.0,2.0,2.0,2.0,2.0,3.0,2.0,3.0,3.0,3.0,3.0,3.0,2.0,2.0,1.0,4.0,1.0,2.0,1.0,1.0,4.0,4.0,4.0,1.0,3.0,3.0,4.0,1.0,1.0,1.0,1.0,1.0,1.0,1.0,4.0,1.0,1.0,1.0,1.0,1.0,1.0,1.0,1.0,3.0,2.0,2.0,2.0,2.0,2.0,2.0,2.0,4.0,2.0,2.0,4.0,4.0,3.0,2.0,2.0,4.0,4.0,2.0,2.0,2.0,2.0,2.0,4.0,3.0,3.0,3.0,4.0,4.0,4.0,4.0,4.0,1.0,2.0,4.0,1.0,2.0,2.0,1.0,2.0,1.0,1.0,1.0,1.0,1.0,1.0,1.0,1.0,5.0,1.0,1.0,2.0,3.0
44650335033011503301014,2.0,24.000000000000004,24.000000000000004,4.0,10.0,1710.0,499.99999999999994,11.27266,11.59162,5.21324,8.54995,1105.8,323.33333,1.0,10333.0,1.0,2.0,5.0,1.0,2.0,2.0,1.0,3.0,3.0,3.0,3.0,3.0,3.0,2.0,2.0,3.0,2.0,3.0,1.0,1.0,1.0,1.0,2.0,1.0,2.0,1.0,3.0,1.0,3.0,1.0,3.0,1.0,2.0,1.0,2.0,2.0,1.0,3.0,2.0,3.0,2.0,1.0,2.0,2.0,1.0,1.0,1.0,2.0,2.0,2.0,3.0,2.0,3.0,2.0,1.0,1.0,1.0,2.0,1.0,2.0,1.0,1.0,1.0,2.0,3.0,3.0,3.0,3.0,3.0,2.0,1.0,2.0,2.0,3.0,1.0,2.0,3.0,3.0,1.0,3.0,2.0,2.0,1.0,2.0,3.0,3.0,1.0,2.0,2.0,2.0,2.0,2.0,1.0,2.0,1.0,1.0,2.0,1.0,1.0,1.0,1.0,1.0,1.0,1.0,1.0,1.0,3.0,1.0,1.0,2.0,2.0,3.0,1.0,3.0,4.0,3.0,1.0,3.0,3.0,1.0,1.0,2.0,3.0,3.0,1.0,2.0,1.0,1.0,2.0,1.0,2.0,2.0,2.0,2.0,2.0,2.0,2.0,2.0,1.0,3.0,1.0,1.0,1.0,1.0,5.0,2.0,2.0,1.0,1.0,2.0,1.0,2.0,2.0,1.0,2.0,2.0,1.0,3.0,2.0
44650335033022503302024,8.0,21.0,21.0,10.0,18.0,400.0,400.0,7.63433,8.59932,11.01744,7.52318,258.66667,258.66667,1.0,10333.0,1.0,4.0,5.0,1.0,2.0,2.0,2.0,2.0,2.0,2.0,2.0,2.0,2.0,2.0,2.0,2.0,1.0,2.0,1.0,1.0,2.0,1.0,3.0,1.0,1.0,2.0,3.0,2.0,2.0,1.0,1.0,1.0,2.0,1.0,2.0,2.0,1.0,2.0,2.0,3.0,2.0,2.0,3.0,3.0,3.0,2.0,2.0,5.0,4.0,2.0,3.0,3.0,3.0,3.0,1.0,1.0,1.0,3.0,2.0,2.0,2.0,2.0,3.0,2.0,1.0,1.0,1.0,1.0,2.0,2.0,3.0,3.0,2.0,1.0,2.0,2.0,3.0,3.0,2.0,3.0,4.0,3.0,1.0,1.0,4.0,4.0,1.0,1.0,3.0,3.0,1.0,2.0,1.0,2.0,1.0,2.0,3.0,2.0,1.0,1.0,1.0,1.0,1.0,2.0,2.0,1.0,2.0,2.0,3.0,3.0,2.0,3.0,2.0,3.0,3.0,3.0,2.0,1.0,2.0,3.0,3.0,2.0,3.0,4.0,1.0,2.0,2.0,1.0,2.0,1.0,2.0,2.0,2.0,3.0,2.0,1.0,2.0,3.0,1.0,4.0,2.0,1.0,1.0,1.0,5.0,2.0,3.0,3.0,2.0,1.0,1.0,2.0,3.0,1.0,5.0,3.0,2.0,1.0,2.0
44650335033033503303034,19.0,22.0,22.0,2.0,4.0,400.0,400.0,8.24023,9.42597,8.67953,9.68037,258.66667,258.66667,1.0,10333.0,1.0,4.0,5.0,1.0,2.0,1.0,1.0,3.0,3.0,3.0,2.0,2.0,3.0,2.0,2.0,3.0,2.0,2.0,1.0,2.0,1.0,1.0,2.0,1.0,2.0,1.0,1.0,1.0,1.0,1.0,2.0,2.0,2.0,1.0,1.0,2.0,1.0,1.0,2.0,3.0,3.0,1.0,2.0,2.0,3.0,2.0,2.0,4.0,4.0,2.0,4.0,3.0,3.0,2.0,1.0,1.0,1.0,3.0,2.0,1.0,2.0,2.0,2.0,2.0,2.0,2.0,2.0,2.0,2.0,1.0,1.0,3.0,1.0,2.0,2.0,2.0,2.0,3.0,3.0,3.0,3.0,3.0,4.0,1.0,4.0,3.0,2.0,3.0,2.0,2.0,1.0,3.0,1.0,3.0,2.0,2.0,3.0,2.0,3.0,1.0,1.0,1.0,1.0,1.0,3.0,1.0,3.0,2.0,1.0,2.0,1.0,2.0,1.0,3.0,4.0,2.0,1.0,3.0,3.0,2.0,2.0,1.0,4.0,3.0,1.0,2.0,2.0,1.0,2.0,2.0,3.0,3.0,3.0,3.0,3.0,3.0,3.0,3.0,1.0,4.0,1.0,1.0,1.0,1.0,5.0,2.0,3.0,2.0,2.0,1.0,2.0,2.0,2.0,1.0,2.0,3.0,2.0,2.0,2.0
44650335033044503304044,12.000000000000002,24.000000000000004,24.000000000000004,2.0,9.0,1000.0,100.0,7.32427,8.22671,9.27422,9.1022,646.66667,64.66667,1.0,10333.0,1.0,5.0,5.0,1.0,2.0,1.0,1.0,3.0,2.0,3.0,3.0,2.0,2.0,2.0,2.0,3.0,3.0,2.0,1.0,1.0,1.0,1.0,1.0,1.0,1.0,2.0,1.0,2.0,1.0,2.0,1.0,1.0,1.0,1.0,2.0,2.0,1.0,2.0,3.0,3.0,2.0,2.0,3.0,3.0,3.0,2.0,5.0,3.0,3.0,3.0,3.0,3.0,3.0,3.0,1.0,1.0,1.0,2.0,2.0,2.0,3.0,3.0,3.0,1.0,1.0,2.0,2.0,2.0,3.0,2.0,1.0,2.0,1.0,2.0,2.0,2.0,3.0,3.0,2.0,2.0,3.0,3.0,3.0,2.0,4.0,3.0,2.0,2.0,3.0,3.0,3.0,2.0,2.0,2.0,2.0,2.0,3.0,3.0,1.0,1.0,3.0,2.0,2.0,3.0,3.0,1.0,3.0,2.0,2.0,2.0,3.0,3.0,3.0,2.0,2.0,3.0,2.0,3.0,3.0,2.0,3.0,2.0,4.0,4.0,1.0,1.0,1.0,1.0,2.0,2.0,1.0,2.0,2.0,2.0,2.0,2.0,3.0,3.0,1.0,4.0,4.0,1.0,1.0,1.0,5.0,2.0,2.0,2.0,1.0,1.0,1.0,2.0,3.0,1.0,2.0,3.0,2.0,2.0,2.0
44650385038011503801014,7.0,35.0,35.0,1.0,6.000000000000001,280.0,100.0,5.97557,7.18418,3.83998,8.0267,182.0,65.0,10.0,5124.0,1.0,3.0000000000000004,5.0,2.0,1.0,1.0,2.0,3.0,3.0,3.0,3.0,2.0,2.0,3.0,2.0,2.0,1.0,2.0,3.0,1.0,1.0,2.0,2.0,2.0,2.0,1.0,3.0,1.0,3.0,1.0,1.0,1.0,2.0,1.0,2.0,2.0,2.0,2.0,2.0,3.0,3.0,3.0,3.0,3.0,3.0,3.0,3.0,4.0,4.0,4.0,4.0,3.0,3.0,3.0,2.0,2.0,2.0,3.0,2.0,2.0,3.0,3.0,2.0,3.0,3.0,3.0,3.0,3.0,3.0,3.0,1.0,2.0,1.0,2.0,3.0,3.0,2.0,2.0,3.0,2.0,3.0,3.0,1.0,2.0,4.0,2.0,2.0,3.0,4.0,4.0,1.0,1.0,1.0,1.0,1.0,1.0,3.0,1.0,2.0,2.0,3.0,2.0,1.0,3.0,3.0,2.0,1.0,1.0,2.0,1.0,2.0,2.0,4.0,2.0,3.0,3.0,4.0,4.0,4.0,3.0,1.0,1.0,3.0,3.0,1.0,1.0,1.0,1.0,1.0,1.0,1.0,1.0,1.0,1.0,3.0,3.0,3.0,4.0,1.0,3.0,3.0,1.0,2.0,4.0,2.0,3.0,1.0,1.0,1.0,2.0,1.0,1.0,2.0,2.0,2.0,3.0,2.0,3.0,2.0
44650385038014503801044,7.0,32.0,32.0,0.0,4.0,280.0,100.0,5.97557,7.18418,3.83998,8.0267,182.0,65.0,10.0,5124.0,1.0,3.0000000000000004,5.0,2.0,1.0,1.0,2.0,3.0,3.0,3.0,3.0,2.0,2.0,3.0,2.0,2.0,1.0,2.0,3.0,1.0,1.0,2.0,2.0,2.0,2.0,1.0,3.0,1.0,3.0,1.0,1.0,1.0,2.0,1.0,2.0,2.0,2.0,2.0,2.0,3.0,3.0,3.0,3.0,3.0,3.0,3.0,3.0,4.0,4.0,4.0,4.0,3.0,3.0,3.0,2.0,2.0,2.0,3.0,2.0,2.0,3.0,3.0,2.0,3.0,3.0,3.0,3.0,3.0,3.0,3.0,1.0,2.0,1.0,2.0,3.0,3.0,2.0,2.0,3.0,2.0,3.0,3.0,1.0,2.0,4.0,2.0,2.0,3.0,4.0,4.0,1.0,1.0,1.0,1.0,1.0,1.0,3.0,1.0,2.0,2.0,3.0,2.0,1.0,3.0,3.0,2.0,1.0,1.0,2.0,1.0,2.0,2.0,4.0,2.0,3.0,3.0,4.0,4.0,4.0,3.0,1.0,1.0,3.0,3.0,1.0,1.0,1.0,1.0,1.0,1.0,1.0,1.0,1.0,1.0,3.0,3.0,3.0,4.0,1.0,3.0,3.0,1.0,2.0,4.0,2.0,3.0,1.0,1.0,1.0,2.0,1.0,1.0,2.0,2.0,2.0,3.0,2.0,3.0,2.0
44650385038055503805054,6.000000000000001,34.0,34.0,0.0,4.0,280.0,100.0,5.97557,7.18418,3.83998,6.51654,182.0,65.0,10.0,5124.0,1.0,3.0000000000000004,5.0,2.0,2.0,2.0,1.0,2.0,2.0,2.0,2.0,2.0,2.0,2.0,2.0,2.0,2.0,2.0,3.0,1.0,1.0,2.0,2.0,2.0,2.0,1.0,3.0,1.0,3.0,1.0,1.0,1.0,2.0,1.0,2.0,2.0,2.0,2.0,2.0,3.0,3.0,3.0,3.0,3.0,3.0,3.0,3.0,4.0,4.0,4.0,4.0,3.0,3.0,3.0,2.0,2.0,2.0,3.0,2.0,2.0,3.0,3.0,2.0,3.0,3.0,3.0,3.0,3.0,3.0,3.0,3.0,2.0,2.0,2.0,3.0,3.0,2.0,2.0,3.0,2.0,3.0,3.0,1.0,2.0,4.0,2.0,2.0,3.0,4.0,4.0,1.0,1.0,1.0,1.0,1.0,1.0,3.0,1.0,2.0,2.0,3.0,2.0,1.0,3.0,3.0,2.0,1.0,1.0,2.0,1.0,2.0,2.0,4.0,2.0,3.0,3.0,4.0,4.0,4.0,3.0,1.0,1.0,3.0,3.0,1.0,1.0,1.0,1.0,1.0,1.0,1.0,1.0,1.0,1.0,4.0,3.0,3.0,4.0,1.0,3.0,3.0,1.0,2.0,4.0,2.0,3.0,1.0,1.0,1.0,2.0,1.0,1.0,2.0,2.0,2.0,3.0,2.0,3.0,3.0
44650385038056503805064,6.000000000000001,35.0,35.0,0.0,3.0000000000000004,280.0,100.0,5.97557,7.18418,3.83998,6.51654,182.0,65.0,10.0,5124.0,1.0,3.0000000000000004,5.0,2.0,2.0,2.0,1.0,2.0,2.0,2.0,2.0,2.0,2.0,2.0,2.0,2.0,2.0,2.0,3.0,1.0,1.0,2.0,2.0,2.0,2.0,1.0,3.0,1.0,3.0,1.0,1.0,1.0,2.0,1.0,2.0,2.0,2.0,2.0,2.0,3.0,3.0,3.0,3.0,3.0,3.0,3.0,3.0,4.0,4.0,4.0,4.0,3.0,3.0,3.0,2.0,2.0,2.0,3.0,2.0,2.0,3.0,3.0,2.0,3.0,3.0,3.0,3.0,3.0,3.0,3.0,3.0,2.0,2.0,2.0,3.0,3.0,2.0,2.0,3.0,2.0,3.0,3.0,1.0,2.0,4.0,2.0,2.0,3.0,4.0,4.0,1.0,1.0,1.0,1.0,1.0,1.0,3.0,1.0,2.0,2.0,3.0,2.0,1.0,3.0,3.0,2.0,1.0,1.0,2.0,1.0,2.0,2.0,4.0,2.0,3.0,3.0,4.0,4.0,4.0,3.0,1.0,1.0,3.0,3.0,1.0,1.0,1.0,1.0,1.0,1.0,1.0,1.0,1.0,1.0,4.0,3.0,3.0,4.0,1.0,3.0,3.0,1.0,2.0,4.0,2.0,3.0,1.0,1.0,1.0,2.0,1.0,1.0,2.0,2.0,2.0,3.0,2.0,3.0,3.0
44650395039055503905054,4.0,25.999999999999996,13.0,3.0,8.0,240.00000000000003,80.0,6.33546,8.22671,7.334360000000001,10.27928,156.0,52.0,10.0,5124.0,1.0,2.0,5.0,1.0,2.0,2.0,2.0,3.0,3.0,3.0,3.0,2.0,2.0,3.0,2.0,2.0,1.0,1.0,4.0,2.0,2.0,2.0,3.0,2.0,2.0,2.0,3.0,2.0,3.0,2.0,1.0,2.0,1.0,2.0,1.0,1.0,1.0,2.0,1.0,2.0,2.0,2.0,2.0,3.0,3.0,3.0,3.0,4.0,4.0,3.0,4.0,3.0,4.0,3.0,1.0,1.0,2.0,2.0,2.0,3.0,2.0,3.0,2.0,2.0,2.0,3.0,2.0,2.0,3.0,2.0,2.0,2.0,1.0,2.0,1.0,1.0,2.0,3.0,4.0,3.0,3.0,4.0,3.0,4.0,4.0,4.0,4.0,3.0,4.0,4.0,1.0,1.0,1.0,2.0,2.0,1.0,3.0,4.0,4.0,3.0,2.0,3.0,3.0,4.0,3.0,3.0,3.0,3.0,2.0,2.0,2.0,3.0,3.0,3.0,2.0,2.0,3.0,4.0,4.0,3.0,3.0,2.0,3.0,4.0,1.0,2.0,1.0,1.0,2.0,2.0,2.0,3.0,3.0,4.0,4.0,4.0,3.0,4.0,1.0,1.0,2.0,1.0,2.0,2.0,4.0,2.0,2.0,2.0,3.0,2.0,2.0,1.0,1.0,2.0,2.0,3.0,2.0,2.0,2.0
44650415041044504104044,6.000000000000001,35.0,35.0,3.0,3.0000000000000004,244.99999999999997,75.0,8.83963,9.89419,8.67953,10.27928,144.55,44.25,10.0,5124.0,1.0,2.0,5.0,1.0,2.0,2.0,1.0,2.0,1.0,2.0,2.0,2.0,1.0,3.0,1.0,1.0,3.0,2.0,2.0,2.0,1.0,1.0,2.0,1.0,1.0,1.0,2.0,2.0,1.0,1.0,1.0,2.0,1.0,2.0,2.0,2.0,2.0,2.0,1.0,2.0,1.0,1.0,3.0,3.0,3.0,3.0,3.0,3.0,3.0,2.0,2.0,2.0,2.0,2.0,1.0,1.0,1.0,2.0,2.0,2.0,2.0,1.0,2.0,2.0,2.0,2.0,2.0,2.0,2.0,2.0,2.0,2.0,1.0,1.0,2.0,2.0,1.0,1.0,3.0,2.0,3.0,2.0,2.0,3.0,4.0,1.0,3.0,3.0,2.0,2.0,1.0,1.0,1.0,1.0,1.0,1.0,1.0,1.0,1.0,1.0,2.0,2.0,3.0,3.0,3.0,1.0,2.0,2.0,2.0,2.0,3.0,3.0,4.0,4.0,4.0,2.0,3.0,3.0,3.0,3.0,2.0,2.0,3.0,3.0,1.0,2.0,2.0,1.0,2.0,4.0,2.0,2.0,2.0,3.0,4.0,4.0,4.0,4.0,1.0,2.0,4.0,1.0,2.0,1.0,2.0,3.0,1.0,1.0,1.0,1.0,1.0,1.0,1.0,1.0,5.0,3.0,2.0,2.0,2.0
44650445044011504401014,21.0,9.0,8.999999999999998,3.0,4.0,360.0,120.0,5.97557,8.99685,11.01744,7.52318,234.0,78.0,45.0,20701.0,1.0,4.0,5.0,1.0,2.0,1.0,2.0,3.0,3.0,3.0,3.0,3.0,3.0,2.0,3.0,3.0,2.0,1.0,1.0,2.0,2.0,2.0,2.0,2.0,2.0,2.0,2.0,2.0,2.0,2.0,2.0,2.0,3.0,1.0,1.0,1.0,1.0,1.0,2.0,3.0,2.0,2.0,3.0,3.0,3.0,3.0,3.0,4.0,4.0,3.0,4.0,4.0,3.0,3.0,1.0,1.0,2.0,2.0,2.0,2.0,2.0,2.0,2.0,1.0,2.0,1.0,1.0,1.0,2.0,3.0,1.0,2.0,2.0,2.0,2.0,3.0,3.0,2.0,3.0,2.0,1.0,3.0,1.0,3.0,3.0,3.0,3.0,4.0,3.0,1.0,1.0,1.0,1.0,2.0,1.0,1.0,2.0,3.0,3.0,2.0,1.0,1.0,1.0,1.0,3.0,1.0,1.0,1.0,1.0,1.0,1.0,1.0,1.0,2.0,2.0,1.0,2.0,3.0,3.0,1.0,1.0,1.0,1.0,2.0,2.0,2.0,2.0,2.0,2.0,4.0,3.0,3.0,3.0,4.0,4.0,4.0,4.0,4.0,1.0,2.0,2.0,1.0,1.0,4.0,3.0,2.0,1.0,1.0,1.0,1.0,1.0,1.0,1.0,1.0,1.0,3.0,2.0,1.0,2.0
44650475047011504701014,7.0,34.0,34.0,5.0,15.0,320.0,160.0,10.35049,9.89419,7.334360000000001,10.90415,208.0,104.0,1.0,10333.0,1.0,3.0000000000000004,5.0,2.0,1.0,2.0,2.0,2.0,2.0,3.0,3.0,3.0,2.0,2.0,3.0,2.0,2.0,1.0,3.0,1.0,1.0,1.0,1.0,1.0,1.0,1.0,1.0,1.0,2.0,1.0,2.0,1.0,1.0,1.0,2.0,2.0,2.0,2.0,2.0,2.0,3.0,1.0,2.0,2.0,2.0,2.0,2.0,3.0,3.0,3.0,2.0,2.0,2.0,1.0,1.0,1.0,1.0,1.0,2.0,2.0,2.0,2.0,2.0,2.0,3.0,3.0,3.0,2.0,1.0,2.0,2.0,1.0,1.0,1.0,2.0,1.0,2.0,3.0,3.0,3.0,3.0,3.0,3.0,3.0,4.0,4.0,2.0,3.0,2.0,3.0,1.0,2.0,2.0,2.0,2.0,3.0,2.0,2.0,2.0,1.0,1.0,1.0,1.0,2.0,2.0,3.0,3.0,1.0,1.0,1.0,1.0,2.0,2.0,2.0,2.0,2.0,2.0,3.0,3.0,3.0,1.0,3.0,3.0,3.0,1.0,1.0,1.0,1.0,2.0,3.0,2.0,2.0,2.0,3.0,3.0,3.0,4.0,3.0,1.0,2.0,4.0,3.0,2.0,4.0,4.0,2.0,1.0,1.0,1.0,1.0,1.0,2.0,2.0,2.0,2.0,2.0,2.0,2.0,1.0
44650485048055504805054,17.0,33.0,33.0,3.0,5.0,560.0,80.0,7.0062,13.6815,3.83998,5.31576,365.86667,52.26667,10.0,5124.0,1.0,4.0,5.0,1.0,2.0,1.0,2.0,2.0,2.0,2.0,2.0,1.0,2.0,1.0,1.0,2.0,1.0,2.0,2.0,1.0,1.0,2.0,2.0,1.0,2.0,1.0,1.0,2.0,2.0,1.0,1.0,1.0,2.0,2.0,2.0,1.0,1.0,3.0,2.0,2.0,3.0,2.0,3.0,3.0,2.0,2.0,2.0,5.0,4.0,2.0,4.0,4.0,5.0,3.0,1.0,1.0,1.0,1.0,1.0,1.0,1.0,1.0,1.0,3.0,3.0,3.0,3.0,3.0,3.0,2.0,2.0,3.0,3.0,3.0,3.0,3.0,3.0,3.0,4.0,2.0,3.0,3.0,3.0,3.0,4.0,3.0,3.0,3.0,3.0,3.0,1.0,1.0,1.0,1.0,1.0,2.0,2.0,2.0,3.0,3.0,3.0,3.0,3.0,3.0,3.0,1.0,3.0,1.0,1.0,1.0,2.0,3.0,2.0,3.0,3.0,1.0,3.0,4.0,4.0,3.0,3.0,2.0,2.0,3.0,1.0,2.0,1.0,1.0,2.0,2.0,2.0,1.0,2.0,1.0,2.0,3.0,3.0,3.0,1.0,4.0,4.0,1.0,1.0,2.0,3.0,2.0,2.0,2.0,1.0,1.0,1.0,2.0,2.0,2.0,2.0,3.0,1.0,3.0,3.0
44650565056011505601014,18.0,27.0,27.0,4.0,4.0,280.0,280.0,13.34977,13.6815,13.241339999999997,10.90415,166.13333,166.13333,10.0,5124.0,1.0,4.0,5.0,1.0,2.0,1.0,2.0,3.0,3.0,3.0,3.0,2.0,3.0,2.0,2.0,3.0,1.0,2.0,2.0,1.0,1.0,1.0,1.0,1.0,1.0,1.0,1.0,1.0,1.0,1.0,1.0,1.0,1.0,2.0,1.0,1.0,1.0,1.0,1.0,1.0,1.0,1.0,1.0,1.0,1.0,1.0,1.0,2.0,2.0,1.0,2.0,2.0,2.0,1.0,1.0,1.0,1.0,1.0,1.0,1.0,1.0,1.0,1.0,1.0,1.0,1.0,1.0,1.0,1.0,2.0,1.0,1.0,1.0,1.0,2.0,2.0,2.0,1.0,3.0,2.0,2.0,2.0,1.0,2.0,2.0,1.0,1.0,2.0,1.0,2.0,1.0,1.0,1.0,1.0,1.0,1.0,1.0,1.0,1.0,2.0,1.0,1.0,1.0,1.0,1.0,1.0,1.0,1.0,1.0,1.0,1.0,1.0,1.0,1.0,1.0,1.0,1.0,1.0,1.0,2.0,1.0,1.0,2.0,1.0,1.0,2.0,1.0,1.0,2.0,1.0,1.0,2.0,1.0,1.0,1.0,1.0,1.0,1.0,1.0,3.0,4.0,1.0,2.0,1.0,3.0,2.0,1.0,1.0,1.0,1.0,1.0,1.0,1.0,1.0,2.0,1.0,1.0,1.0,1.0
44650615061022506102024,25.0,25.0,25.0,6.0,6.000000000000001,350.0,200.0,9.7433,11.59162,13.241339999999997,10.90415,227.5,130.0,1.0,10333.0,2.0,4.0,6.0,1.0,1.0,1.0,1.0,3.0,3.0,3.0,3.0,2.0,3.0,2.0,3.0,3.0,1.0,1.0,1.0,2.0,1.0,2.0,1.0,1.0,2.0,2.0,2.0,2.0,2.0,1.0,2.0,1.0,2.0,1.0,2.0,1.0,1.0,3.0,2.0,3.0,3.0,1.0,3.0,3.0,2.0,2.0,2.0,2.0,3.0,2.0,3.0,2.0,2.0,2.0,1.0,1.0,1.0,2.0,1.0,2.0,1.0,1.0,1.0,1.0,1.0,1.0,1.0,1.0,1.0,2.0,1.0,1.0,1.0,2.0,2.0,1.0,2.0,1.0,1.0,2.0,2.0,2.0,1.0,2.0,2.0,3.0,1.0,2.0,2.0,2.0,1.0,1.0,1.0,2.0,1.0,1.0,1.0,1.0,2.0,2.0,1.0,1.0,1.0,1.0,1.0,1.0,1.0,1.0,1.0,1.0,1.0,1.0,1.0,1.0,1.0,2.0,2.0,2.0,3.0,2.0,1.0,1.0,3.0,2.0,1.0,1.0,2.0,1.0,2.0,1.0,1.0,1.0,1.0,1.0,1.0,2.0,3.0,2.0,1.0,4.0,1.0,1.0,2.0,1.0,5.0,2.0,1.0,1.0,1.0,1.0,1.0,1.0,2.0,2.0,2.0,2.0,1.0,1.0,1.0
44650645064011506401014,23.0,30.999999999999996,31.0,5.0,10.0,240.00000000000003,220.0,3.0245,3.67446,9.82876,8.0267,140.8,129.06667,10.0,5124.0,1.0,4.0,5.0,1.0,1.0,1.0,2.0,3.0,3.0,2.0,2.0,1.0,2.0,1.0,1.0,2.0,1.0,1.0,1.0,1.0,1.0,1.0,2.0,1.0,1.0,1.0,2.0,1.0,2.0,2.0,2.0,1.0,1.0,1.0,2.0,1.0,2.0,2.0,2.0,1.0,3.0,2.0,3.0,4.0,4.0,3.0,4.0,5.0,5.0,5.0,5.0,4.0,5.0,4.0,3.0,4.0,4.0,3.0,3.0,3.0,3.0,4.0,4.0,1.0,1.0,1.0,2.0,2.0,3.0,2.0,2.0,3.0,1.0,2.0,3.0,2.0,2.0,1.0,1.0,2.0,3.0,3.0,1.0,2.0,3.0,4.0,2.0,4.0,3.0,4.0,1.0,1.0,1.0,1.0,1.0,2.0,2.0,3.0,1.0,2.0,2.0,2.0,2.0,3.0,2.0,1.0,3.0,1.0,2.0,2.0,1.0,3.0,2.0,3.0,3.0,2.0,2.0,3.0,4.0,2.0,2.0,2.0,3.0,4.0,1.0,1.0,2.0,2.0,2.0,2.0,2.0,1.0,1.0,2.0,2.0,1.0,1.0,1.0,1.0,2.0,3.0,1.0,1.0,4.0,3.0,2.0,1.0,1.0,2.0,1.0,1.0,1.0,3.0,3.0,1.0,3.0,3.0,2.0,2.0
15850055005011500501014,19.0,25.0,25.0,2.0,1.0,240.00000000000003,40.0,9.13986,10.40627,9.27422,10.27928,200.0,33.33333,10.0,1028.0,1.0,4.0,5.0,1.0,2.0,2.0,2.0,2.0,2.0,3.0,3.0,2.0,2.0,3.0,2.0,2.0,1.0,1.0,2.0,2.0,2.0,1.0,1.0,2.0,2.0,2.0,3.0,1.0,3.0,1.0,2.0,2.0,2.0,2.0,2.0,2.0,1.0,2.0,1.0,3.0,2.0,1.0,2.0,2.0,3.0,1.0,3.0,2.0,3.0,3.0,3.0,3.0,3.0,2.0,1.0,1.0,1.0,2.0,2.0,2.0,1.0,1.0,2.0,2.0,2.0,1.0,1.0,2.0,3.0,2.0,1.0,2.0,1.0,1.0,2.0,2.0,2.0,3.0,4.0,1.0,4.0,4.0,3.0,4.0,4.0,4.0,3.0,4.0,3.0,3.0,3.0,4.0,1.0,4.0,4.0,1.0,3.0,4.0,3.0,3.0,3.0,3.0,4.0,4.0,4.0,3.0,3.0,3.0,3.0,4.0,3.0,4.0,3.0,4.0,4.0,4.0,4.0,4.0,4.0,4.0,3.0,3.0,4.0,4.0,1.0,2.0,1.0,1.0,2.0,1.0,2.0,2.0,2.0,4.0,4.0,4.0,4.0,4.0,1.0,4.0,4.0,1.0,1.0,2.0,5.0,2.0,2.0,3.0,1.0,2.0,1.0,3.0,3.0,3.0,5.0,3.0,1.0,2.0,2.0
15850115011011501101014,21.0,7.0,6.999999999999999,0.0,1.0,240.00000000000003,100.0,7.63433,7.52665,7.334360000000001,10.27928,177.77778,74.07407,10.0,1028.0,2.0,4.0,6.0,1.0,2.0,2.0,2.0,2.0,2.0,2.0,3.0,1.0,1.0,2.0,2.0,2.0,2.0,2.0,2.0,1.0,1.0,1.0,1.0,2.0,2.0,2.0,2.0,1.0,1.0,1.0,1.0,2.0,2.0,2.0,2.0,1.0,3.0,3.0,3.0,3.0,2.0,3.0,4.0,2.0,2.0,2.0,5.0,2.0,4.0,2.0,4.0,4.0,3.0,2.0,1.0,2.0,3.0,2.0,3.0,2.0,3.0,2.0,2.0,1.0,2.0,3.0,2.0,3.0,4.0,2.0,1.0,2.0,1.0,2.0,2.0,1.0,2.0,1.0,3.0,3.0,4.0,2.0,3.0,4.0,4.0,3.0,4.0,4.0,3.0,3.0,3.0,2.0,2.0,4.0,1.0,2.0,3.0,3.0,2.0,4.0,3.0,3.0,4.0,3.0,3.0,2.0,3.0,3.0,3.0,2.0,2.0,3.0,4.0,4.0,4.0,3.0,4.0,4.0,3.0,3.0,4.0,4.0,3.0,4.0,1.0,1.0,1.0,1.0,2.0,1.0,1.0,2.0,1.0,2.0,2.0,3.0,4.0,3.0,1.0,3.0,2.0,2.0,1.0,1.0,3.0,2.0,2.0,2.0,1.0,1.0,1.0,2.0,2.0,3.0,1.0,3.0,2.0,2.0,2.0
15850125012011501201014,30.0,22.999999999999996,23.0,1.0,1.0,300.0,40.0,8.24023,8.22671,8.67953,10.90415,250.0,33.33333,10.0,1028.0,2.0,5.0,5.0,1.0,2.0,2.0,2.0,1.0,1.0,2.0,2.0,1.0,1.0,1.0,1.0,1.0,1.0,2.0,2.0,2.0,2.0,2.0,2.0,2.0,2.0,2.0,2.0,2.0,1.0,2.0,2.0,2.0,2.0,2.0,2.0,2.0,2.0,2.0,2.0,2.0,2.0,1.0,2.0,1.0,2.0,1.0,3.0,3.0,4.0,4.0,4.0,3.0,3.0,3.0,2.0,2.0,2.0,2.0,2.0,2.0,2.0,2.0,2.0,2.0,2.0,2.0,2.0,2.0,2.0,2.0,2.0,1.0,1.0,2.0,1.0,1.0,2.0,3.0,4.0,4.0,4.0,4.0,1.0,4.0,4.0,4.0,2.0,4.0,4.0,3.0,3.0,2.0,2.0,4.0,2.0,3.0,3.0,3.0,3.0,3.0,3.0,2.0,2.0,2.0,2.0,2.0,4.0,2.0,2.0,2.0,2.0,3.0,3.0,3.0,3.0,2.0,3.0,3.0,3.0,4.0,2.0,3.0,4.0,4.0,2.0,2.0,2.0,2.0,2.0,4.0,3.0,3.0,3.0,4.0,4.0,4.0,4.0,4.0,1.0,2.0,1.0,1.0,1.0,1.0,2.0,2.0,3.0,1.0,1.0,2.0,2.0,2.0,3.0,3.0,5.0,3.0,2.0,2.0,1.0
15850135013011501301014,1.0,22.999999999999996,23.0,2.0,2.0,280.0,280.0,9.13986,9.42597,3.83998,8.54995,198.07406999999998,198.07407,10.0,1028.0,1.0,2.0,5.0,2.0,2.0,2.0,1.0,2.0,1.0,3.0,3.0,3.0,2.0,3.0,1.0,2.0,2.0,2.0,3.0,2.0,1.0,1.0,1.0,2.0,2.0,1.0,1.0,1.0,2.0,1.0,1.0,2.0,2.0,1.0,2.0,1.0,1.0,3.0,3.0,3.0,3.0,1.0,3.0,1.0,3.0,2.0,3.0,2.0,3.0,3.0,2.0,3.0,2.0,3.0,1.0,1.0,1.0,2.0,2.0,2.0,2.0,2.0,2.0,3.0,3.0,3.0,3.0,3.0,3.0,2.0,2.0,2.0,1.0,3.0,2.0,2.0,2.0,1.0,4.0,3.0,3.0,3.0,2.0,3.0,4.0,4.0,1.0,3.0,3.0,1.0,1.0,1.0,4.0,1.0,2.0,1.0,4.0,4.0,3.0,4.0,2.0,2.0,2.0,3.0,3.0,3.0,1.0,1.0,3.0,2.0,3.0,3.0,3.0,2.0,2.0,2.0,2.0,3.0,3.0,3.0,1.0,3.0,3.0,4.0,2.0,2.0,2.0,2.0,2.0,4.0,3.0,3.0,3.0,4.0,4.0,4.0,4.0,4.0,1.0,4.0,3.0,2.0,1.0,1.0,3.0,1.0,1.0,2.0,1.0,1.0,1.0,1.0,1.0,3.0,3.0,3.0,2.0,3.0,2.0
15850185018011501801014,20.0,17.0,17.0,0.0,0.0,360.0,120.0,14.29769,10.40627,11.01744,9.1022,300.0,100.0,10.0,1028.0,1.0,4.0,5.0,1.0,2.0,2.0,2.0,2.0,1.0,3.0,3.0,1.0,1.0,3.0,1.0,1.0,3.0,2.0,1.0,1.0,1.0,1.0,1.0,1.0,1.0,1.0,1.0,1.0,1.0,1.0,1.0,2.0,1.0,1.0,1.0,2.0,1.0,1.0,2.0,2.0,1.0,1.0,1.0,1.0,1.0,1.0,1.0,1.0,1.0,1.0,1.0,2.0,2.0,2.0,1.0,1.0,1.0,2.0,2.0,2.0,1.0,1.0,2.0,1.0,1.0,1.0,1.0,1.0,3.0,2.0,1.0,2.0,1.0,3.0,2.0,3.0,1.0,1.0,4.0,1.0,2.0,2.0,1.0,1.0,4.0,3.0,1.0,3.0,1.0,1.0,1.0,1.0,1.0,4.0,2.0,1.0,1.0,1.0,1.0,1.0,1.0,1.0,1.0,1.0,1.0,1.0,3.0,1.0,2.0,1.0,2.0,2.0,1.0,1.0,1.0,1.0,2.0,2.0,4.0,2.0,1.0,2.0,3.0,2.0,1.0,2.0,1.0,1.0,2.0,1.0,2.0,2.0,2.0,3.0,2.0,3.0,3.0,4.0,1.0,4.0,2.0,1.0,1.0,1.0,5.0,3.0,1.0,1.0,1.0,1.0,1.0,2.0,2.0,2.0,1.0,1.0,1.0,1.0,2.0
15850225022022502202024,25.0,27.0,27.0,2.0,3.0000000000000004,240.00000000000003,40.0,9.7433,8.99685,9.27422,10.90415,200.0,33.33333,10.0,1028.0,2.0,4.0,6.0,1.0,2.0,2.0,2.0,2.0,2.0,2.0,3.0,2.0,2.0,2.0,1.0,1.0,1.0,2.0,2.0,1.0,2.0,2.0,2.0,2.0,2.0,2.0,1.0,2.0,1.0,1.0,2.0,2.0,2.0,1.0,2.0,1.0,2.0,2.0,1.0,3.0,2.0,2.0,2.0,2.0,2.0,2.0,2.0,3.0,3.0,2.0,2.0,3.0,2.0,3.0,1.0,1.0,2.0,2.0,2.0,2.0,2.0,2.0,2.0,2.0,2.0,1.0,2.0,2.0,2.0,2.0,1.0,1.0,1.0,2.0,2.0,1.0,2.0,2.0,3.0,3.0,2.0,2.0,2.0,3.0,4.0,3.0,3.0,3.0,2.0,2.0,2.0,2.0,2.0,1.0,2.0,2.0,3.0,3.0,3.0,4.0,3.0,3.0,4.0,3.0,3.0,2.0,3.0,2.0,3.0,3.0,2.0,3.0,2.0,3.0,2.0,3.0,3.0,3.0,3.0,3.0,3.0,3.0,4.0,4.0,1.0,2.0,1.0,1.0,2.0,1.0,2.0,2.0,2.0,3.0,2.0,3.0,3.0,4.0,2.0,1.0,1.0,4.0,2.0,1.0,3.0,2.0,2.0,2.0,1.0,2.0,2.0,2.0,3.0,3.0,1.0,2.0,2.0,2.0,1.0
15850315031011503101014,9.0,29.000000000000004,29.000000000000004,5.0,8.0,200.0,40.0,12.58648,8.22671,13.241339999999997,8.0267,166.66666999999998,33.33333,10.0,1028.0,1.0,3.0000000000000004,5.0,1.0,2.0,2.0,2.0,3.0,3.0,3.0,3.0,3.0,3.0,2.0,2.0,3.0,2.0,2.0,2.0,1.0,1.0,1.0,1.0,1.0,1.0,1.0,1.0,1.0,1.0,1.0,1.0,1.0,1.0,1.0,1.0,2.0,2.0,1.0,2.0,3.0,2.0,3.0,2.0,1.0,2.0,2.0,1.0,1.0,2.0,1.0,1.0,2.0,2.0,2.0,1.0,2.0,1.0,2.0,3.0,3.0,2.0,2.0,2.0,1.0,1.0,1.0,1.0,1.0,1.0,2.0,1.0,2.0,1.0,3.0,2.0,3.0,3.0,1.0,3.0,2.0,3.0,2.0,2.0,3.0,4.0,4.0,1.0,2.0,1.0,1.0,4.0,2.0,1.0,1.0,1.0,1.0,1.0,2.0,3.0,3.0,2.0,1.0,1.0,1.0,1.0,2.0,3.0,1.0,2.0,1.0,3.0,3.0,2.0,2.0,4.0,1.0,1.0,2.0,2.0,2.0,1.0,2.0,4.0,2.0,1.0,2.0,1.0,1.0,2.0,1.0,1.0,2.0,1.0,1.0,1.0,2.0,3.0,2.0,1.0,4.0,3.0,1.0,2.0,1.0,1.0,3.0,1.0,2.0,1.0,1.0,1.0,1.0,2.0,2.0,1.0,2.0,2.0,1.0,2.0
15850405040022504002024,15.0,22.999999999999996,23.0,1.0,1.0,240.00000000000003,80.0,7.93892,7.52665,3.83998,9.01876,200.0,66.66667,10.0,1028.0,1.0,3.0000000000000004,6.0,1.0,2.0,1.0,2.0,2.0,2.0,3.0,3.0,2.0,2.0,2.0,2.0,1.0,1.0,2.0,1.0,2.0,1.0,2.0,2.0,2.0,1.0,2.0,3.0,2.0,2.0,2.0,1.0,2.0,1.0,2.0,2.0,1.0,1.0,1.0,2.0,3.0,3.0,1.0,3.0,1.0,2.0,2.0,3.0,2.0,4.0,3.0,3.0,5.0,4.0,3.0,2.0,1.0,1.0,4.0,4.0,4.0,2.0,2.0,3.0,3.0,3.0,4.0,4.0,3.0,3.0,2.0,1.0,2.0,1.0,2.0,3.0,2.0,2.0,1.0,4.0,3.0,3.0,3.0,3.0,3.0,4.0,4.0,1.0,4.0,3.0,1.0,1.0,1.0,2.0,3.0,2.0,2.0,2.0,4.0,3.0,1.0,1.0,1.0,2.0,2.0,2.0,3.0,2.0,1.0,2.0,2.0,1.0,2.0,3.0,2.0,3.0,2.0,3.0,4.0,4.0,2.0,1.0,3.0,4.0,4.0,1.0,2.0,1.0,2.0,2.0,3.0,3.0,3.0,3.0,4.0,4.0,3.0,4.0,3.0,1.0,3.0,2.0,3.0,2.0,3.0,2.0,2.0,1.0,2.0,1.0,1.0,1.0,1.0,1.0,2.0,4.0,3.0,2.0,3.0,2.0
15850715071011507101014,18.0,27.999999999999996,28.0,2.0,3.0000000000000004,280.0,280.0,7.93892,6.83434,5.21324,8.54995,233.33333,233.33333000000002,10.0,1028.0,1.0,4.0,6.0,1.0,2.0,2.0,2.0,3.0,2.0,2.0,2.0,2.0,2.0,2.0,2.0,2.0,2.0,2.0,2.0,1.0,2.0,1.0,2.0,1.0,2.0,2.0,3.0,2.0,3.0,2.0,3.0,1.0,2.0,2.0,2.0,2.0,2.0,3.0,1.0,2.0,3.0,2.0,2.0,1.0,1.0,2.0,4.0,4.0,5.0,3.0,3.0,4.0,3.0,3.0,1.0,2.0,2.0,3.0,3.0,3.0,2.0,3.0,3.0,3.0,3.0,3.0,3.0,2.0,3.0,2.0,1.0,2.0,1.0,3.0,2.0,2.0,3.0,2.0,4.0,4.0,3.0,2.0,3.0,4.0,4.0,3.0,3.0,4.0,3.0,3.0,1.0,1.0,2.0,1.0,1.0,1.0,1.0,3.0,3.0,4.0,2.0,2.0,2.0,1.0,3.0,3.0,3.0,1.0,1.0,1.0,1.0,2.0,1.0,1.0,2.0,1.0,2.0,4.0,4.0,1.0,1.0,1.0,2.0,4.0,2.0,2.0,2.0,2.0,2.0,4.0,3.0,3.0,3.0,4.0,4.0,4.0,4.0,4.0,1.0,4.0,4.0,1.0,2.0,1.0,1.0,2.0,2.0,1.0,1.0,1.0,1.0,2.0,3.0,3.0,2.0,3.0,2.0,3.0,2.0
15850915091022509102024,22.0,27.0,27.0,2.0,4.0,240.00000000000003,300.0,8.54003,7.87142,3.83998,9.1022,177.77778,222.22222,10.0,1028.0,2.0,5.0,6.0,2.0,2.0,2.0,1.0,2.0,2.0,2.0,2.0,2.0,2.0,2.0,2.0,2.0,2.0,2.0,2.0,2.0,2.0,1.0,2.0,2.0,2.0,1.0,2.0,1.0,2.0,2.0,2.0,2.0,2.0,2.0,2.0,2.0,2.0,2.0,2.0,2.0,3.0,2.0,2.0,2.0,2.0,3.0,2.0,3.0,3.0,3.0,3.0,3.0,3.0,3.0,1.0,2.0,2.0,2.0,3.0,3.0,2.0,2.0,2.0,3.0,3.0,3.0,3.0,3.0,3.0,2.0,1.0,2.0,2.0,2.0,2.0,2.0,2.0,2.0,3.0,3.0,3.0,3.0,3.0,4.0,3.0,3.0,3.0,3.0,3.0,3.0,3.0,3.0,3.0,3.0,3.0,3.0,3.0,2.0,3.0,3.0,3.0,3.0,3.0,3.0,3.0,3.0,3.0,3.0,3.0,3.0,3.0,3.0,3.0,3.0,4.0,3.0,3.0,3.0,3.0,3.0,3.0,3.0,3.0,3.0,1.0,2.0,1.0,2.0,2.0,3.0,2.0,2.0,2.0,3.0,3.0,3.0,3.0,3.0,1.0,4.0,3.0,1.0,2.0,1.0,3.0,2.0,2.0,2.0,1.0,2.0,2.0,2.0,2.0,2.0,3.0,3.0,2.0,3.0,2.0
15851165116011511601014,7.0,14.0,14.0,0.0,1.0,240.00000000000003,169.99999999999994,8.24023,6.464339999999999,6.680299999999999,10.27928,191.0,135.29167,10.0,1028.0,1.0,3.0000000000000004,6.0,1.0,2.0,1.0,2.0,3.0,2.0,2.0,2.0,2.0,2.0,1.0,2.0,2.0,1.0,1.0,1.0,1.0,2.0,1.0,3.0,2.0,3.0,1.0,2.0,1.0,2.0,1.0,2.0,2.0,3.0,2.0,1.0,2.0,2.0,3.0,2.0,3.0,2.0,1.0,2.0,2.0,3.0,2.0,2.0,4.0,3.0,2.0,3.0,4.0,3.0,3.0,2.0,2.0,2.0,3.0,3.0,3.0,2.0,3.0,3.0,2.0,3.0,2.0,3.0,2.0,4.0,2.0,1.0,2.0,1.0,2.0,2.0,2.0,1.0,2.0,3.0,3.0,2.0,2.0,1.0,2.0,3.0,4.0,3.0,3.0,1.0,2.0,2.0,2.0,3.0,1.0,1.0,2.0,2.0,2.0,3.0,3.0,2.0,2.0,3.0,3.0,3.0,1.0,1.0,1.0,2.0,2.0,2.0,2.0,3.0,1.0,3.0,3.0,3.0,4.0,4.0,2.0,2.0,2.0,4.0,3.0,2.0,2.0,2.0,2.0,2.0,4.0,3.0,3.0,3.0,4.0,4.0,4.0,4.0,4.0,1.0,2.0,3.0,1.0,2.0,1.0,4.0,1.0,1.0,1.0,1.0,1.0,1.0,2.0,2.0,2.0,5.0,3.0,3.0,3.0,2.0
15851195119011511901014,20.0,27.999999999999996,28.0,2.0,4.0,240.00000000000003,440.0,7.32427,6.054530000000001,9.82876,8.0267,191.0,350.16667,10.0,1028.0,2.0,4.0,6.0,1.0,2.0,2.0,2.0,2.0,2.0,2.0,2.0,2.0,2.0,2.0,2.0,2.0,2.0,2.0,1.0,2.0,2.0,2.0,2.0,2.0,2.0,1.0,2.0,1.0,2.0,1.0,2.0,2.0,2.0,2.0,2.0,2.0,2.0,2.0,2.0,2.0,2.0,2.0,3.0,3.0,3.0,3.0,3.0,3.0,3.0,3.0,3.0,3.0,3.0,3.0,2.0,2.0,2.0,3.0,3.0,3.0,3.0,3.0,3.0,1.0,2.0,1.0,2.0,1.0,4.0,3.0,2.0,3.0,1.0,2.0,2.0,2.0,2.0,1.0,4.0,1.0,3.0,3.0,1.0,1.0,3.0,4.0,2.0,2.0,2.0,2.0,2.0,1.0,3.0,2.0,1.0,1.0,1.0,1.0,2.0,2.0,2.0,1.0,1.0,1.0,1.0,1.0,1.0,1.0,1.0,1.0,2.0,1.0,1.0,1.0,1.0,1.0,1.0,3.0,3.0,1.0,1.0,1.0,2.0,3.0,2.0,2.0,2.0,2.0,2.0,4.0,3.0,3.0,3.0,4.0,4.0,4.0,4.0,4.0,2.0,1.0,1.0,4.0,2.0,1.0,3.0,2.0,2.0,2.0,2.0,1.0,1.0,1.0,2.0,3.0,1.0,3.0,3.0,2.0,2.0
15851265126022512602024,6.000000000000001,25.999999999999996,26.0,1.0,2.0,240.00000000000003,40.0,11.42811,10.96579,3.83998,10.90415,177.77778,29.629630000000002,10.0,1028.0,2.0,2.0,5.0,1.0,2.0,2.0,2.0,3.0,2.0,3.0,3.0,2.0,2.0,2.0,2.0,2.0,1.0,2.0,1.0,2.0,1.0,2.0,1.0,2.0,2.0,2.0,2.0,2.0,1.0,2.0,1.0,2.0,2.0,1.0,2.0,1.0,1.0,2.0,1.0,2.0,1.0,1.0,1.0,1.0,1.0,2.0,2.0,2.0,3.0,3.0,3.0,2.0,2.0,1.0,1.0,1.0,1.0,2.0,2.0,1.0,1.0,1.0,2.0,3.0,3.0,3.0,3.0,4.0,3.0,2.0,1.0,1.0,1.0,2.0,2.0,1.0,2.0,3.0,4.0,4.0,3.0,3.0,4.0,4.0,4.0,4.0,4.0,4.0,2.0,4.0,3.0,2.0,2.0,2.0,4.0,2.0,3.0,4.0,3.0,3.0,4.0,2.0,4.0,3.0,4.0,1.0,3.0,2.0,2.0,2.0,3.0,3.0,4.0,2.0,4.0,3.0,3.0,4.0,4.0,2.0,2.0,3.0,2.0,4.0,2.0,2.0,2.0,2.0,2.0,4.0,3.0,3.0,3.0,4.0,4.0,4.0,4.0,4.0,2.0,1.0,1.0,4.0,2.0,1.0,3.0,1.0,1.0,2.0,1.0,1.0,1.0,2.0,3.0,3.0,5.0,2.0,1.0,3.0,1.0
15851315131011513101014,6.000000000000001,30.999999999999996,31.0,3.0,9.0,440.0,240.0,7.93892,4.91298,8.67953,5.96314,325.92593000000005,177.77778,10.0,1028.0,1.0,3.0000000000000004,6.0,1.0,2.0,2.0,2.0,2.0,2.0,3.0,3.0,3.0,2.0,2.0,2.0,2.0,2.0,3.0,3.0,1.0,1.0,1.0,1.0,1.0,1.0,1.0,1.0,1.0,1.0,2.0,1.0,2.0,2.0,1.0,1.0,1.0,1.0,2.0,2.0,3.0,3.0,3.0,2.0,1.0,2.0,2.0,5.0,5.0,5.0,1.0,5.0,5.0,5.0,2.0,4.0,2.0,3.0,3.0,3.0,4.0,4.0,4.0,3.0,2.0,1.0,2.0,3.0,1.0,4.0,3.0,2.0,3.0,2.0,2.0,3.0,3.0,3.0,2.0,3.0,2.0,4.0,3.0,1.0,2.0,3.0,3.0,1.0,4.0,2.0,3.0,1.0,2.0,3.0,4.0,2.0,2.0,2.0,3.0,2.0,3.0,2.0,2.0,1.0,1.0,1.0,1.0,2.0,1.0,1.0,1.0,1.0,2.0,2.0,1.0,1.0,1.0,2.0,3.0,4.0,2.0,2.0,2.0,2.0,3.0,2.0,2.0,2.0,2.0,2.0,4.0,3.0,3.0,3.0,4.0,4.0,4.0,4.0,4.0,1.0,4.0,3.0,1.0,1.0,1.0,1.0,2.0,2.0,1.0,1.0,1.0,1.0,1.0,1.0,2.0,2.0,3.0,3.0,2.0,3.0
15851405140011514001014,20.0,17.0,17.0,0.0,0.0,240.00000000000003,80.0,7.32427,6.054530000000001,3.9310100000000006,8.0267,177.77778,59.259260000000005,10.0,1028.0,1.0,5.0,6.0,1.0,1.0,2.0,1.0,2.0,1.0,2.0,2.0,1.0,1.0,2.0,1.0,1.0,1.0,1.0,1.0,1.0,3.0,2.0,3.0,2.0,1.0,2.0,1.0,2.0,1.0,2.0,1.0,2.0,1.0,2.0,2.0,1.0,2.0,1.0,3.0,3.0,3.0,3.0,2.0,2.0,3.0,2.0,3.0,3.0,4.0,2.0,3.0,4.0,4.0,4.0,2.0,2.0,2.0,3.0,3.0,4.0,4.0,4.0,3.0,3.0,3.0,3.0,3.0,4.0,3.0,2.0,2.0,2.0,1.0,3.0,3.0,2.0,2.0,2.0,4.0,4.0,4.0,2.0,3.0,4.0,3.0,3.0,2.0,4.0,2.0,3.0,1.0,3.0,1.0,2.0,2.0,2.0,3.0,3.0,2.0,4.0,1.0,2.0,3.0,1.0,2.0,1.0,3.0,2.0,2.0,1.0,2.0,3.0,2.0,2.0,3.0,3.0,1.0,3.0,4.0,3.0,1.0,2.0,3.0,3.0,1.0,1.0,2.0,2.0,2.0,1.0,3.0,2.0,1.0,3.0,2.0,4.0,3.0,4.0,1.0,4.0,4.0,1.0,1.0,1.0,3.0,2.0,2.0,1.0,2.0,2.0,2.0,2.0,2.0,3.0,1.0,3.0,3.0,3.0,2.0
15851655165022516502024,20.0,29.000000000000004,29.000000000000004,3.0,0.0,320.0,120.0,7.93892,7.52665,11.01744,9.1022,266.66667,100.0,10.0,1028.0,2.0,4.0,5.0,1.0,2.0,2.0,2.0,2.0,2.0,2.0,2.0,2.0,2.0,2.0,2.0,2.0,2.0,2.0,1.0,1.0,2.0,1.0,2.0,1.0,2.0,2.0,3.0,1.0,2.0,2.0,3.0,1.0,2.0,1.0,1.0,2.0,2.0,3.0,2.0,3.0,2.0,1.0,2.0,2.0,2.0,2.0,3.0,4.0,4.0,2.0,3.0,4.0,3.0,3.0,1.0,1.0,2.0,3.0,3.0,4.0,2.0,2.0,3.0,1.0,1.0,1.0,1.0,1.0,3.0,2.0,1.0,2.0,1.0,3.0,2.0,2.0,2.0,1.0,4.0,1.0,4.0,3.0,2.0,2.0,4.0,4.0,3.0,2.0,3.0,3.0,4.0,4.0,2.0,2.0,2.0,2.0,2.0,3.0,3.0,3.0,2.0,2.0,2.0,3.0,2.0,2.0,4.0,3.0,3.0,3.0,3.0,3.0,3.0,2.0,3.0,2.0,2.0,4.0,3.0,3.0,2.0,2.0,3.0,4.0,1.0,2.0,2.0,1.0,2.0,2.0,2.0,2.0,2.0,3.0,3.0,2.0,3.0,2.0,1.0,4.0,2.0,4.0,2.0,1.0,1.0,2.0,1.0,2.0,2.0,2.0,1.0,2.0,2.0,3.0,2.0,3.0,2.0,1.0,2.0
15851695169011516901014,13.0,22.999999999999996,23.0,4.0,4.0,280.0,200.0,10.35049,12.35702,13.241339999999997,2.7955,198.07406999999998,141.48148,10.0,1028.0,1.0,4.0,6.0,1.0,2.0,2.0,2.0,3.0,3.0,3.0,3.0,3.0,3.0,3.0,2.0,3.0,3.0,3.0,1.0,1.0,2.0,1.0,2.0,1.0,2.0,1.0,2.0,1.0,2.0,1.0,2.0,1.0,2.0,1.0,1.0,1.0,1.0,1.0,3.0,3.0,3.0,3.0,2.0,2.0,2.0,2.0,5.0,2.0,2.0,2.0,2.0,2.0,2.0,2.0,1.0,1.0,1.0,1.0,1.0,1.0,1.0,2.0,1.0,1.0,1.0,1.0,1.0,1.0,1.0,3.0,3.0,3.0,3.0,3.0,3.0,3.0,3.0,2.0,3.0,2.0,2.0,2.0,2.0,3.0,3.0,3.0,1.0,2.0,1.0,2.0,1.0,1.0,1.0,2.0,2.0,1.0,1.0,2.0,1.0,2.0,2.0,2.0,2.0,2.0,2.0,2.0,2.0,2.0,2.0,2.0,2.0,2.0,2.0,2.0,2.0,2.0,2.0,2.0,2.0,2.0,2.0,2.0,2.0,2.0,1.0,1.0,2.0,2.0,2.0,2.0,2.0,3.0,1.0,3.0,3.0,3.0,4.0,4.0,1.0,4.0,4.0,1.0,2.0,1.0,3.0,3.0,1.0,1.0,1.0,1.0,1.0,1.0,1.0,1.0,2.0,2.0,1.0,1.0,3.0
15851745174011517401014,22.0,29.000000000000004,29.000000000000004,0.0,0.0,200.0,20.0,11.58744,13.6815,10.39017,10.90415,153.33333,15.333329999999998,10.0,1028.0,1.0,4.0,6.0,1.0,2.0,2.0,2.0,2.0,2.0,2.0,3.0,1.0,1.0,2.0,2.0,1.0,1.0,2.0,2.0,1.0,1.0,1.0,1.0,1.0,1.0,2.0,1.0,1.0,1.0,1.0,1.0,1.0,1.0,1.0,1.0,1.0,2.0,3.0,1.0,2.0,3.0,1.0,1.0,1.0,2.0,2.0,2.0,2.0,2.0,2.0,2.0,2.0,2.0,2.0,1.0,1.0,1.0,1.0,1.0,1.0,1.0,1.0,1.0,1.0,1.0,1.0,2.0,2.0,2.0,2.0,1.0,2.0,1.0,1.0,2.0,1.0,2.0,1.0,4.0,3.0,4.0,3.0,2.0,2.0,4.0,4.0,4.0,4.0,2.0,4.0,3.0,4.0,2.0,4.0,4.0,2.0,3.0,4.0,3.0,4.0,3.0,3.0,3.0,4.0,3.0,3.0,4.0,2.0,2.0,3.0,3.0,4.0,4.0,4.0,4.0,4.0,4.0,4.0,4.0,2.0,4.0,4.0,4.0,4.0,1.0,1.0,1.0,1.0,2.0,4.0,3.0,3.0,3.0,4.0,4.0,4.0,4.0,4.0,1.0,4.0,2.0,1.0,2.0,1.0,3.0,2.0,1.0,2.0,1.0,1.0,1.0,1.0,2.0,3.0,5.0,2.0,1.0,1.0,1.0
15851785178022517802024,22.0,29.000000000000004,29.000000000000004,4.0,3.0000000000000004,200.0,40.0,8.24023,7.52665,6.0123299999999995,9.1022,141.48148,28.2963,10.0,1028.0,1.0,4.0,6.0,1.0,2.0,2.0,2.0,2.0,2.0,2.0,1.0,1.0,1.0,1.0,2.0,1.0,1.0,1.0,2.0,2.0,2.0,2.0,2.0,2.0,2.0,2.0,3.0,2.0,3.0,2.0,2.0,2.0,2.0,1.0,3.0,3.0,2.0,3.0,2.0,2.0,3.0,3.0,3.0,2.0,2.0,2.0,5.0,3.0,3.0,3.0,2.0,3.0,3.0,3.0,2.0,2.0,2.0,3.0,3.0,2.0,2.0,2.0,2.0,2.0,3.0,3.0,2.0,3.0,3.0,2.0,2.0,3.0,1.0,2.0,2.0,1.0,2.0,3.0,3.0,3.0,3.0,2.0,2.0,4.0,4.0,3.0,2.0,4.0,3.0,3.0,1.0,1.0,1.0,1.0,1.0,1.0,2.0,4.0,3.0,3.0,3.0,3.0,3.0,3.0,3.0,3.0,3.0,2.0,2.0,2.0,3.0,3.0,3.0,2.0,2.0,3.0,2.0,2.0,3.0,3.0,2.0,3.0,3.0,2.0,2.0,2.0,2.0,2.0,2.0,4.0,3.0,3.0,3.0,4.0,4.0,4.0,4.0,4.0,1.0,4.0,1.0,1.0,2.0,1.0,5.0,1.0,3.0,2.0,2.0,2.0,1.0,3.0,3.0,3.0,5.0,3.0,2.0,3.0,2.0
15851885188011518801014,31.0,27.0,27.0,1.0,4.0,320.0,440.0,9.44107,9.42597,13.241339999999997,9.1022,262.66667,361.16667,10.0,1028.0,2.0,5.0,6.0,1.0,2.0,2.0,2.0,2.0,2.0,3.0,3.0,3.0,2.0,2.0,2.0,2.0,2.0,2.0,1.0,1.0,2.0,1.0,1.0,1.0,1.0,1.0,1.0,1.0,1.0,1.0,1.0,1.0,1.0,1.0,1.0,2.0,1.0,2.0,2.0,2.0,1.0,3.0,1.0,1.0,2.0,1.0,1.0,3.0,4.0,2.0,3.0,4.0,3.0,4.0,2.0,1.0,1.0,2.0,2.0,3.0,1.0,1.0,2.0,1.0,1.0,1.0,1.0,1.0,1.0,3.0,2.0,2.0,1.0,2.0,2.0,1.0,2.0,1.0,3.0,3.0,3.0,2.0,2.0,3.0,4.0,3.0,1.0,3.0,1.0,3.0,1.0,1.0,2.0,1.0,2.0,2.0,2.0,1.0,1.0,1.0,1.0,2.0,2.0,3.0,3.0,3.0,2.0,1.0,2.0,2.0,2.0,3.0,2.0,2.0,3.0,2.0,2.0,2.0,3.0,2.0,3.0,3.0,3.0,3.0,1.0,2.0,2.0,1.0,2.0,2.0,2.0,2.0,2.0,3.0,2.0,2.0,3.0,1.0,1.0,3.0,3.0,1.0,1.0,2.0,3.0,2.0,1.0,1.0,1.0,1.0,2.0,3.0,2.0,3.0,5.0,2.0,2.0,1.0,2.0
34450145014011501401014,36.0,20.0,20.0,0.0,0.0,270.0,209.99999999999997,6.67793,7.18418,7.334360000000001,11.57611,171.0,133.0,10.0,3076.0,2.0,6.000000000000001,5.0,1.0,2.0,1.0,2.0,3.0,2.0,2.0,2.0,2.0,2.0,2.0,1.0,2.0,1.0,2.0,1.0,2.0,1.0,1.0,2.0,2.0,2.0,1.0,1.0,2.0,1.0,1.0,1.0,2.0,1.0,1.0,2.0,1.0,1.0,1.0,2.0,3.0,3.0,3.0,3.0,3.0,3.0,3.0,2.0,4.0,5.0,4.0,4.0,3.0,3.0,2.0,1.0,2.0,4.0,2.0,2.0,2.0,3.0,3.0,3.0,2.0,2.0,2.0,2.0,3.0,3.0,2.0,1.0,1.0,1.0,1.0,2.0,1.0,2.0,2.0,3.0,3.0,2.0,3.0,3.0,4.0,4.0,4.0,3.0,4.0,3.0,3.0,2.0,2.0,4.0,2.0,2.0,2.0,3.0,4.0,3.0,3.0,3.0,2.0,3.0,2.0,3.0,3.0,3.0,2.0,2.0,2.0,3.0,3.0,2.0,3.0,3.0,3.0,3.0,3.0,3.0,3.0,3.0,3.0,4.0,4.0,2.0,2.0,2.0,2.0,2.0,4.0,3.0,3.0,3.0,4.0,4.0,4.0,4.0,4.0,1.0,4.0,3.0,4.0,2.0,4.0,3.0,1.0,2.0,2.0,2.0,1.0,2.0,2.0,1.0,2.0,5.0,3.0,2.0,2.0,1.0
34450185018011501801014,1.0,24.000000000000004,23.0,0.0,1.0,320.0,120.0,9.44107,8.22671,9.27422,11.57611,202.66667,76.0,10.0,3076.0,1.0,1.0,5.0,1.0,1.0,1.0,1.0,3.0,3.0,3.0,2.0,2.0,3.0,3.0,2.0,2.0,1.0,3.0,2.0,1.0,1.0,2.0,2.0,1.0,1.0,1.0,2.0,1.0,1.0,1.0,1.0,1.0,1.0,2.0,1.0,1.0,2.0,1.0,2.0,3.0,3.0,3.0,2.0,2.0,2.0,3.0,2.0,3.0,3.0,2.0,3.0,3.0,3.0,1.0,2.0,2.0,2.0,3.0,2.0,1.0,2.0,2.0,2.0,2.0,2.0,1.0,1.0,2.0,3.0,2.0,1.0,1.0,1.0,1.0,2.0,2.0,1.0,2.0,4.0,2.0,2.0,3.0,3.0,3.0,4.0,4.0,1.0,4.0,3.0,1.0,2.0,1.0,1.0,1.0,1.0,2.0,2.0,2.0,3.0,4.0,2.0,1.0,1.0,1.0,2.0,4.0,1.0,2.0,1.0,1.0,1.0,3.0,1.0,1.0,2.0,1.0,3.0,2.0,1.0,3.0,1.0,1.0,3.0,2.0,1.0,1.0,2.0,1.0,1.0,1.0,2.0,1.0,2.0,3.0,2.0,2.0,3.0,3.0,1.0,3.0,3.0,4.0,2.0,4.0,2.0,3.0,2.0,1.0,1.0,1.0,1.0,2.0,3.0,3.0,2.0,2.0,2.0,2.0,1.0
34450245024011502401014,6.000000000000001,25.0,25.0,0.0,0.0,210.0,300.0,10.04647,10.96579,9.82876,10.90415,133.0,190.0,10.0,3076.0,2.0,3.0000000000000004,6.0,2.0,2.0,1.0,2.0,3.0,3.0,3.0,2.0,2.0,2.0,1.0,3.0,2.0,2.0,1.0,2.0,1.0,2.0,1.0,1.0,1.0,2.0,1.0,1.0,2.0,1.0,1.0,1.0,1.0,2.0,1.0,1.0,1.0,1.0,2.0,2.0,3.0,3.0,2.0,2.0,2.0,3.0,2.0,1.0,3.0,3.0,2.0,3.0,2.0,2.0,2.0,2.0,1.0,1.0,2.0,1.0,1.0,2.0,1.0,1.0,1.0,1.0,2.0,2.0,2.0,2.0,2.0,1.0,1.0,1.0,2.0,2.0,1.0,2.0,1.0,2.0,2.0,3.0,1.0,3.0,3.0,3.0,3.0,2.0,2.0,2.0,2.0,3.0,2.0,1.0,2.0,2.0,2.0,2.0,1.0,1.0,1.0,2.0,1.0,2.0,1.0,2.0,2.0,2.0,2.0,2.0,1.0,2.0,1.0,2.0,2.0,2.0,1.0,2.0,4.0,4.0,2.0,1.0,1.0,2.0,4.0,1.0,2.0,2.0,2.0,1.0,1.0,1.0,1.0,1.0,1.0,1.0,1.0,2.0,1.0,1.0,2.0,2.0,1.0,2.0,1.0,3.0,1.0,1.0,2.0,1.0,1.0,1.0,2.0,2.0,1.0,2.0,2.0,1.0,2.0,1.0
34450245024033502403034,2.0,25.999999999999996,26.0,0.0,0.0,210.0,300.0,9.7433,8.22671,11.01744,10.90415,133.0,190.0,10.0,3076.0,1.0,3.0000000000000004,6.0,1.0,2.0,1.0,2.0,3.0,3.0,3.0,2.0,2.0,2.0,2.0,1.0,2.0,1.0,1.0,2.0,2.0,2.0,2.0,1.0,1.0,2.0,1.0,2.0,1.0,2.0,1.0,1.0,2.0,1.0,1.0,2.0,2.0,2.0,1.0,1.0,3.0,3.0,3.0,2.0,2.0,3.0,2.0,1.0,2.0,2.0,3.0,3.0,3.0,3.0,2.0,2.0,2.0,2.0,2.0,2.0,2.0,2.0,2.0,2.0,2.0,1.0,1.0,1.0,1.0,2.0,2.0,1.0,1.0,1.0,2.0,2.0,1.0,2.0,1.0,2.0,2.0,3.0,1.0,3.0,3.0,3.0,3.0,2.0,2.0,2.0,2.0,3.0,2.0,1.0,2.0,2.0,2.0,2.0,1.0,1.0,1.0,2.0,1.0,2.0,1.0,2.0,2.0,2.0,2.0,2.0,1.0,2.0,1.0,2.0,2.0,2.0,1.0,2.0,4.0,4.0,2.0,1.0,1.0,2.0,4.0,1.0,2.0,2.0,2.0,1.0,1.0,1.0,1.0,1.0,1.0,1.0,1.0,2.0,1.0,1.0,2.0,2.0,1.0,2.0,1.0,3.0,1.0,1.0,2.0,1.0,1.0,1.0,2.0,2.0,1.0,2.0,2.0,2.0,1.0,1.0
34450255025011502501014,21.0,27.0,27.0,0.0,2.0,175.0,25.0,10.04647,9.89419,8.67953,10.90415,113.16667000000001,16.16667,10.0,3076.0,1.0,4.0,5.0,2.0,1.0,1.0,2.0,2.0,1.0,2.0,2.0,1.0,1.0,1.0,1.0,2.0,2.0,1.0,2.0,1.0,1.0,2.0,2.0,2.0,1.0,1.0,1.0,2.0,1.0,2.0,2.0,1.0,1.0,2.0,2.0,1.0,2.0,2.0,2.0,3.0,3.0,2.0,2.0,2.0,3.0,3.0,2.0,1.0,2.0,2.0,2.0,3.0,3.0,2.0,2.0,1.0,2.0,1.0,1.0,2.0,2.0,1.0,2.0,2.0,2.0,2.0,2.0,2.0,2.0,2.0,2.0,1.0,2.0,1.0,2.0,1.0,1.0,1.0,4.0,4.0,4.0,4.0,3.0,4.0,4.0,3.0,4.0,4.0,4.0,4.0,4.0,2.0,3.0,2.0,3.0,3.0,2.0,4.0,4.0,3.0,2.0,2.0,3.0,4.0,4.0,3.0,4.0,2.0,2.0,2.0,3.0,4.0,3.0,2.0,3.0,3.0,4.0,4.0,4.0,4.0,3.0,3.0,4.0,3.0,1.0,1.0,1.0,1.0,2.0,1.0,2.0,2.0,2.0,3.0,4.0,4.0,4.0,4.0,1.0,3.0,2.0,1.0,2.0,1.0,2.0,3.0,2.0,2.0,1.0,2.0,1.0,2.0,2.0,3.0,3.0,2.0,2.0,2.0,1.0
34450315031011503101014,10.0,21.0,21.0,0.0,0.0,440.0,240.0,7.0062,7.52665,5.21324,10.90415,278.66667,152.0,10.0,3076.0,2.0,3.0000000000000004,6.0,1.0,2.0,1.0,1.0,3.0,3.0,3.0,1.0,2.0,3.0,3.0,3.0,3.0,1.0,1.0,2.0,1.0,1.0,2.0,1.0,1.0,1.0,1.0,1.0,2.0,2.0,1.0,2.0,1.0,2.0,2.0,2.0,2.0,2.0,2.0,3.0,3.0,2.0,2.0,3.0,3.0,3.0,2.0,3.0,1.0,4.0,4.0,4.0,4.0,3.0,3.0,3.0,1.0,1.0,4.0,2.0,3.0,2.0,2.0,3.0,3.0,3.0,2.0,3.0,3.0,3.0,3.0,1.0,1.0,2.0,2.0,1.0,1.0,1.0,2.0,4.0,3.0,3.0,3.0,1.0,4.0,4.0,3.0,4.0,4.0,4.0,4.0,2.0,2.0,3.0,1.0,1.0,2.0,1.0,4.0,3.0,3.0,2.0,1.0,3.0,3.0,3.0,3.0,3.0,1.0,2.0,2.0,2.0,4.0,2.0,2.0,4.0,1.0,3.0,3.0,4.0,2.0,1.0,3.0,3.0,4.0,1.0,1.0,1.0,1.0,2.0,2.0,2.0,2.0,2.0,4.0,3.0,3.0,4.0,4.0,1.0,4.0,3.0,1.0,1.0,4.0,3.0,1.0,1.0,1.0,1.0,2.0,1.0,2.0,1.0,2.0,2.0,3.0,2.0,3.0,1.0
34450645064011506401014,21.0,25.999999999999996,26.0,3.0,4.0,250.0,249.99999999999997,7.63433,13.6815,11.82034,12.34223,150.0,150.0,10.0,3076.0,1.0,4.0,6.0,2.0,1.0,1.0,1.0,3.0,1.0,2.0,3.0,1.0,1.0,3.0,1.0,1.0,1.0,2.0,3.0,1.0,2.0,2.0,2.0,2.0,2.0,1.0,2.0,1.0,2.0,1.0,2.0,2.0,2.0,2.0,2.0,1.0,3.0,2.0,3.0,3.0,3.0,1.0,3.0,3.0,2.0,3.0,3.0,4.0,5.0,2.0,4.0,3.0,3.0,1.0,1.0,1.0,1.0,1.0,1.0,1.0,1.0,1.0,1.0,1.0,1.0,1.0,2.0,1.0,1.0,2.0,1.0,2.0,1.0,1.0,1.0,1.0,1.0,2.0,4.0,2.0,2.0,3.0,3.0,3.0,4.0,4.0,3.0,3.0,3.0,4.0,1.0,1.0,1.0,1.0,1.0,2.0,3.0,3.0,3.0,3.0,2.0,1.0,2.0,4.0,3.0,4.0,3.0,1.0,1.0,1.0,1.0,1.0,1.0,1.0,1.0,1.0,4.0,4.0,4.0,3.0,2.0,3.0,4.0,3.0,2.0,2.0,2.0,2.0,2.0,4.0,3.0,3.0,3.0,4.0,4.0,4.0,4.0,4.0,1.0,2.0,4.0,4.0,2.0,2.0,1.0,2.0,1.0,2.0,1.0,1.0,1.0,1.0,3.0,3.0,2.0,3.0,1.0,1.0,1.0
34450665066011506601014,26.0,34.0,34.0,0.0,0.0,290.0,249.99999999999997,13.7901,9.42597,10.39017,10.90415,183.66667,158.33333,10.0,3076.0,1.0,4.0,5.0,1.0,2.0,1.0,1.0,3.0,3.0,3.0,3.0,3.0,3.0,3.0,1.0,3.0,1.0,2.0,2.0,1.0,1.0,2.0,2.0,2.0,2.0,1.0,1.0,1.0,1.0,1.0,1.0,2.0,1.0,1.0,1.0,2.0,2.0,1.0,2.0,3.0,2.0,2.0,1.0,1.0,2.0,1.0,2.0,1.0,1.0,2.0,1.0,1.0,1.0,2.0,1.0,2.0,1.0,1.0,2.0,2.0,2.0,2.0,2.0,1.0,1.0,1.0,2.0,2.0,2.0,2.0,1.0,2.0,1.0,1.0,2.0,1.0,2.0,1.0,3.0,3.0,2.0,1.0,2.0,2.0,3.0,3.0,1.0,2.0,2.0,2.0,2.0,2.0,3.0,1.0,1.0,1.0,1.0,3.0,3.0,2.0,2.0,2.0,3.0,3.0,3.0,3.0,2.0,1.0,2.0,2.0,2.0,2.0,2.0,2.0,2.0,2.0,2.0,3.0,3.0,2.0,2.0,2.0,2.0,3.0,1.0,2.0,1.0,1.0,1.0,2.0,2.0,2.0,1.0,2.0,2.0,3.0,3.0,3.0,2.0,1.0,1.0,4.0,2.0,4.0,3.0,1.0,2.0,1.0,1.0,1.0,1.0,1.0,2.0,2.0,2.0,1.0,2.0,1.0,1.0
34450735073011507301014,1.0,33.0,33.0,1.0,10.0,240.00000000000003,120.0,10.35049,13.6815,13.241339999999997,6.51654,156.0,78.0,10.0,3076.0,1.0,2.0,5.0,1.0,1.0,1.0,1.0,3.0,3.0,3.0,3.0,1.0,1.0,3.0,1.0,2.0,1.0,2.0,3.0,1.0,2.0,2.0,2.0,1.0,1.0,2.0,1.0,2.0,1.0,2.0,1.0,1.0,1.0,1.0,1.0,1.0,1.0,2.0,3.0,3.0,3.0,2.0,2.0,2.0,2.0,1.0,2.0,2.0,3.0,3.0,3.0,3.0,2.0,1.0,1.0,1.0,1.0,1.0,1.0,1.0,1.0,1.0,1.0,1.0,1.0,1.0,1.0,1.0,1.0,2.0,2.0,2.0,3.0,3.0,2.0,3.0,3.0,3.0,3.0,2.0,1.0,3.0,3.0,4.0,4.0,3.0,4.0,4.0,3.0,2.0,2.0,1.0,2.0,1.0,1.0,3.0,3.0,4.0,3.0,4.0,2.0,3.0,2.0,3.0,4.0,4.0,1.0,2.0,2.0,2.0,2.0,3.0,3.0,2.0,3.0,2.0,4.0,4.0,4.0,2.0,1.0,3.0,3.0,2.0,2.0,2.0,2.0,2.0,2.0,4.0,3.0,3.0,3.0,4.0,4.0,4.0,4.0,4.0,1.0,1.0,1.0,4.0,2.0,4.0,1.0,2.0,1.0,2.0,1.0,1.0,1.0,2.0,1.0,2.0,5.0,2.0,1.0,1.0,3.0
34450805080011508001014,5.0,25.0,25.0,0.0,1.0,270.0,80.0,10.96267,11.59162,10.39017,7.026859999999999,171.0,50.66667,10.0,3076.0,2.0,2.0,6.0,1.0,2.0,1.0,1.0,3.0,2.0,3.0,3.0,2.0,1.0,2.0,2.0,1.0,2.0,1.0,2.0,1.0,1.0,2.0,2.0,1.0,1.0,1.0,2.0,2.0,2.0,1.0,1.0,2.0,1.0,2.0,2.0,1.0,2.0,2.0,2.0,3.0,2.0,2.0,2.0,2.0,2.0,2.0,2.0,3.0,3.0,2.0,2.0,1.0,1.0,2.0,1.0,1.0,2.0,1.0,1.0,1.0,1.0,1.0,2.0,1.0,2.0,2.0,2.0,1.0,1.0,2.0,2.0,2.0,2.0,3.0,3.0,3.0,2.0,3.0,3.0,3.0,3.0,3.0,2.0,2.0,3.0,2.0,2.0,3.0,3.0,2.0,1.0,1.0,2.0,2.0,1.0,2.0,1.0,3.0,3.0,3.0,1.0,1.0,1.0,2.0,1.0,2.0,3.0,2.0,1.0,2.0,3.0,3.0,2.0,2.0,3.0,2.0,2.0,2.0,3.0,3.0,2.0,2.0,2.0,3.0,1.0,1.0,2.0,2.0,2.0,2.0,2.0,2.0,2.0,3.0,3.0,3.0,3.0,3.0,2.0,1.0,1.0,4.0,2.0,1.0,3.0,2.0,2.0,2.0,2.0,1.0,1.0,2.0,1.0,2.0,5.0,2.0,1.0,1.0,2.0
34450835083011508301014,12.000000000000002,33.0,33.0,0.0,5.0,400.0,80.0,9.44107,12.35702,13.241339999999997,9.1022,253.33333,50.66667,10.0,3076.0,1.0,4.0,5.0,1.0,2.0,2.0,1.0,1.0,1.0,1.0,1.0,1.0,1.0,3.0,1.0,1.0,1.0,1.0,1.0,1.0,1.0,1.0,1.0,2.0,2.0,2.0,2.0,2.0,1.0,1.0,1.0,2.0,2.0,2.0,1.0,2.0,2.0,2.0,3.0,3.0,2.0,2.0,1.0,2.0,3.0,1.0,1.0,3.0,3.0,3.0,3.0,3.0,3.0,3.0,1.0,1.0,2.0,1.0,1.0,1.0,1.0,1.0,1.0,1.0,1.0,1.0,1.0,1.0,1.0,2.0,1.0,2.0,2.0,2.0,2.0,2.0,2.0,2.0,3.0,3.0,3.0,3.0,2.0,3.0,4.0,4.0,2.0,2.0,2.0,2.0,1.0,1.0,3.0,1.0,2.0,2.0,2.0,2.0,1.0,3.0,3.0,3.0,1.0,2.0,2.0,3.0,3.0,1.0,2.0,1.0,2.0,2.0,2.0,2.0,2.0,3.0,3.0,2.0,2.0,2.0,2.0,3.0,3.0,3.0,1.0,1.0,1.0,1.0,2.0,2.0,2.0,1.0,2.0,1.0,2.0,2.0,2.0,3.0,1.0,4.0,2.0,2.0,1.0,1.0,2.0,2.0,1.0,1.0,1.0,1.0,1.0,2.0,2.0,2.0,1.0,2.0,1.0,1.0,2.0
34450895089011508901014,30.0,37.999999999999986,35.0,3.0,5.0,300.0,120.0,12.95333,12.35702,8.67953,12.34223,190.0,76.0,10.0,3076.0,1.0,4.0,5.0,1.0,2.0,2.0,1.0,2.0,1.0,2.0,3.0,1.0,1.0,2.0,1.0,1.0,1.0,1.0,3.0,1.0,1.0,2.0,2.0,2.0,2.0,2.0,2.0,2.0,3.0,2.0,2.0,2.0,2.0,1.0,1.0,1.0,1.0,1.0,1.0,2.0,3.0,3.0,1.0,1.0,1.0,1.0,2.0,2.0,2.0,1.0,1.0,2.0,2.0,2.0,1.0,1.0,2.0,1.0,1.0,1.0,1.0,1.0,1.0,2.0,2.0,2.0,2.0,2.0,2.0,2.0,2.0,1.0,1.0,1.0,1.0,1.0,1.0,1.0,4.0,4.0,4.0,4.0,2.0,4.0,4.0,3.0,4.0,4.0,4.0,4.0,3.0,2.0,4.0,2.0,2.0,2.0,2.0,4.0,3.0,3.0,1.0,1.0,1.0,3.0,4.0,2.0,2.0,2.0,2.0,2.0,2.0,2.0,3.0,3.0,3.0,2.0,2.0,4.0,4.0,3.0,3.0,2.0,4.0,4.0,2.0,2.0,2.0,2.0,2.0,4.0,3.0,3.0,3.0,4.0,4.0,4.0,4.0,4.0,1.0,4.0,4.0,2.0,2.0,4.0,5.0,1.0,2.0,1.0,1.0,1.0,1.0,2.0,2.0,2.0,5.0,1.0,1.0,2.0,1.0
34451035103011510301014,22.0,34.0,34.0,1.0,0.0,250.0,150.0,9.7433,13.6815,10.39017,7.52318,158.33333,95.0,10.0,3076.0,1.0,4.0,5.0,1.0,1.0,1.0,1.0,3.0,2.0,3.0,2.0,1.0,1.0,2.0,1.0,1.0,1.0,1.0,3.0,2.0,1.0,2.0,2.0,2.0,1.0,2.0,2.0,2.0,2.0,2.0,2.0,2.0,2.0,1.0,2.0,2.0,2.0,2.0,2.0,3.0,3.0,3.0,2.0,2.0,2.0,2.0,2.0,3.0,3.0,2.0,2.0,3.0,3.0,2.0,1.0,1.0,1.0,1.0,1.0,1.0,1.0,1.0,1.0,2.0,1.0,1.0,2.0,1.0,2.0,2.0,3.0,2.0,1.0,2.0,3.0,3.0,2.0,1.0,3.0,3.0,2.0,2.0,2.0,4.0,4.0,3.0,4.0,4.0,3.0,4.0,2.0,2.0,2.0,1.0,2.0,2.0,2.0,3.0,3.0,3.0,3.0,3.0,3.0,3.0,3.0,3.0,3.0,1.0,2.0,2.0,2.0,4.0,2.0,2.0,2.0,2.0,3.0,4.0,4.0,2.0,1.0,2.0,3.0,3.0,1.0,2.0,2.0,1.0,2.0,4.0,3.0,3.0,3.0,1.0,1.0,1.0,1.0,1.0,2.0,1.0,1.0,4.0,2.0,4.0,3.0,2.0,1.0,2.0,1.0,1.0,1.0,1.0,1.0,2.0,1.0,2.0,1.0,1.0,2.0
34451085108011510801014,6.000000000000001,24.000000000000004,24.000000000000004,0.0,3.0000000000000004,280.0,75.0,7.0062,6.83434,5.21324,9.1022,178.26667,45.75,10.0,3076.0,1.0,3.0000000000000004,5.0,1.0,2.0,1.0,2.0,3.0,3.0,3.0,2.0,1.0,3.0,1.0,2.0,2.0,1.0,1.0,3.0,1.0,1.0,1.0,1.0,1.0,1.0,2.0,1.0,2.0,1.0,2.0,2.0,2.0,1.0,2.0,2.0,1.0,1.0,2.0,2.0,3.0,3.0,3.0,2.0,3.0,2.0,2.0,3.0,3.0,5.0,4.0,5.0,4.0,4.0,2.0,1.0,1.0,2.0,3.0,3.0,3.0,3.0,3.0,3.0,3.0,3.0,3.0,2.0,3.0,3.0,3.0,1.0,2.0,1.0,2.0,3.0,2.0,1.0,2.0,4.0,4.0,4.0,4.0,2.0,4.0,4.0,3.0,3.0,4.0,4.0,4.0,2.0,3.0,1.0,1.0,2.0,3.0,3.0,4.0,3.0,3.0,1.0,2.0,2.0,3.0,3.0,3.0,4.0,1.0,2.0,2.0,2.0,2.0,4.0,3.0,3.0,1.0,3.0,4.0,4.0,2.0,1.0,3.0,3.0,4.0,2.0,2.0,2.0,2.0,2.0,4.0,3.0,3.0,3.0,4.0,4.0,4.0,4.0,4.0,1.0,2.0,2.0,1.0,2.0,1.0,2.0,1.0,3.0,1.0,2.0,1.0,1.0,2.0,2.0,1.0,5.0,3.0,2.0,3.0,2.0
34451135113011511301014,5.0,24.000000000000004,24.000000000000004,6.0,2.0,270.0,30.0,8.83963,7.87142,6.0123299999999995,5.96314,171.0,19.0,10.0,3076.0,1.0,2.0,5.0,1.0,1.0,2.0,1.0,1.0,1.0,2.0,2.0,1.0,1.0,2.0,2.0,1.0,1.0,1.0,3.0,1.0,1.0,2.0,2.0,1.0,1.0,2.0,1.0,2.0,2.0,2.0,1.0,2.0,1.0,2.0,2.0,1.0,2.0,2.0,3.0,3.0,3.0,3.0,3.0,3.0,2.0,2.0,2.0,3.0,3.0,2.0,3.0,3.0,3.0,2.0,2.0,2.0,2.0,2.0,2.0,3.0,2.0,2.0,2.0,3.0,2.0,2.0,3.0,3.0,3.0,3.0,3.0,2.0,2.0,3.0,3.0,2.0,3.0,3.0,4.0,2.0,3.0,3.0,3.0,3.0,4.0,3.0,3.0,3.0,3.0,3.0,3.0,3.0,4.0,3.0,3.0,3.0,3.0,3.0,2.0,2.0,2.0,2.0,2.0,2.0,2.0,3.0,3.0,2.0,2.0,2.0,2.0,3.0,2.0,2.0,2.0,2.0,2.0,4.0,4.0,4.0,3.0,3.0,4.0,4.0,2.0,2.0,2.0,2.0,2.0,4.0,3.0,3.0,3.0,4.0,4.0,4.0,4.0,4.0,1.0,4.0,4.0,1.0,1.0,3.0,3.0,3.0,1.0,1.0,1.0,1.0,1.0,2.0,3.0,2.0,3.0,3.0,2.0,3.0,3.0
34451145114011511401014,5.0,22.999999999999996,23.0,1.0,2.0,240.00000000000003,60.0,5.97557,7.52665,9.82876,9.1022,152.8,38.2,10.0,3076.0,1.0,2.0,6.0,1.0,2.0,2.0,2.0,2.0,3.0,2.0,2.0,2.0,2.0,2.0,2.0,1.0,1.0,1.0,4.0,1.0,1.0,2.0,1.0,2.0,1.0,2.0,1.0,1.0,1.0,1.0,1.0,2.0,1.0,1.0,1.0,1.0,1.0,1.0,3.0,3.0,3.0,2.0,3.0,3.0,3.0,3.0,3.0,4.0,4.0,4.0,3.0,3.0,4.0,3.0,1.0,1.0,1.0,3.0,3.0,3.0,2.0,3.0,3.0,2.0,2.0,2.0,2.0,1.0,1.0,2.0,1.0,1.0,1.0,2.0,2.0,3.0,3.0,2.0,3.0,3.0,3.0,4.0,3.0,3.0,4.0,4.0,3.0,3.0,3.0,4.0,2.0,2.0,2.0,1.0,2.0,2.0,2.0,3.0,4.0,4.0,3.0,3.0,3.0,4.0,4.0,4.0,3.0,2.0,2.0,2.0,1.0,4.0,2.0,2.0,2.0,2.0,2.0,4.0,4.0,2.0,1.0,2.0,3.0,3.0,1.0,2.0,1.0,1.0,1.0,1.0,3.0,3.0,3.0,1.0,2.0,2.0,3.0,4.0,1.0,2.0,1.0,4.0,2.0,4.0,4.0,2.0,2.0,2.0,1.0,1.0,2.0,2.0,2.0,3.0,1.0,3.0,2.0,2.0,2.0
34451175117011511701014,34.0,35.0,35.0,0.0,0.0,250.0,120.0,9.44107,13.6815,6.680299999999999,13.321370000000002,158.33333,76.0,10.0,3076.0,1.0,5.0,6.0,1.0,2.0,2.0,1.0,2.0,2.0,3.0,2.0,1.0,3.0,1.0,1.0,2.0,1.0,1.0,3.0,2.0,1.0,1.0,2.0,2.0,2.0,2.0,2.0,2.0,2.0,2.0,2.0,2.0,2.0,2.0,2.0,2.0,2.0,3.0,2.0,3.0,3.0,2.0,2.0,2.0,2.0,3.0,3.0,3.0,3.0,2.0,2.0,3.0,2.0,2.0,1.0,1.0,1.0,1.0,1.0,1.0,1.0,1.0,1.0,3.0,2.0,2.0,2.0,3.0,3.0,1.0,1.0,1.0,1.0,1.0,2.0,1.0,1.0,1.0,4.0,3.0,4.0,4.0,2.0,4.0,4.0,3.0,1.0,4.0,4.0,4.0,2.0,2.0,4.0,3.0,4.0,1.0,4.0,4.0,4.0,4.0,4.0,4.0,3.0,4.0,4.0,4.0,2.0,2.0,2.0,2.0,2.0,3.0,3.0,2.0,3.0,2.0,4.0,4.0,4.0,3.0,2.0,4.0,4.0,4.0,2.0,2.0,2.0,2.0,2.0,4.0,3.0,3.0,3.0,4.0,4.0,4.0,4.0,4.0,2.0,1.0,1.0,4.0,2.0,3.0,2.0,2.0,2.0,2.0,2.0,1.0,2.0,2.0,1.0,3.0,5.0,2.0,1.0,3.0,1.0
34451185118011511801014,28.0,35.99999999999999,36.0,0.0,0.0,200.0,265.0,8.24023,10.96579,9.27422,10.27928,126.66667,167.83333,10.0,3076.0,1.0,5.0,5.0,2.0,2.0,1.0,2.0,2.0,3.0,2.0,1.0,1.0,2.0,2.0,1.0,1.0,1.0,1.0,1.0,1.0,1.0,2.0,2.0,1.0,1.0,1.0,2.0,2.0,2.0,1.0,1.0,2.0,2.0,2.0,2.0,3.0,3.0,2.0,1.0,3.0,3.0,3.0,3.0,3.0,2.0,2.0,3.0,3.0,4.0,2.0,3.0,3.0,3.0,2.0,1.0,1.0,1.0,1.0,1.0,2.0,1.0,2.0,2.0,2.0,1.0,1.0,2.0,2.0,3.0,2.0,1.0,1.0,2.0,2.0,2.0,1.0,2.0,1.0,4.0,1.0,3.0,1.0,2.0,2.0,4.0,4.0,3.0,3.0,2.0,4.0,2.0,1.0,2.0,2.0,2.0,2.0,4.0,4.0,3.0,3.0,2.0,3.0,3.0,3.0,3.0,4.0,3.0,1.0,2.0,2.0,2.0,2.0,2.0,2.0,3.0,3.0,4.0,3.0,4.0,4.0,2.0,3.0,3.0,4.0,2.0,2.0,2.0,2.0,2.0,4.0,3.0,3.0,3.0,4.0,4.0,4.0,4.0,4.0,1.0,4.0,2.0,2.0,1.0,2.0,3.0,1.0,3.0,2.0,2.0,2.0,2.0,3.0,3.0,3.0,1.0,3.0,1.0,2.0,2.0
34451315131011513101014,10.0,29.000000000000004,29.000000000000004,0.0,0.0,180.0,300.0,9.13986,10.40627,7.334360000000001,10.90415,113.4,189.0,10.0,3076.0,2.0,3.0000000000000004,6.0,1.0,2.0,1.0,1.0,3.0,2.0,2.0,2.0,1.0,2.0,1.0,3.0,1.0,1.0,3.0,3.0,1.0,2.0,1.0,2.0,2.0,2.0,2.0,2.0,1.0,1.0,2.0,2.0,2.0,2.0,2.0,3.0,2.0,2.0,3.0,2.0,3.0,3.0,3.0,2.0,3.0,3.0,3.0,2.0,1.0,3.0,2.0,3.0,3.0,3.0,2.0,1.0,1.0,1.0,2.0,2.0,2.0,1.0,1.0,2.0,2.0,2.0,2.0,2.0,3.0,3.0,2.0,1.0,2.0,1.0,2.0,2.0,1.0,1.0,1.0,4.0,3.0,3.0,3.0,4.0,4.0,4.0,4.0,1.0,1.0,4.0,3.0,2.0,1.0,2.0,2.0,2.0,4.0,4.0,3.0,3.0,4.0,2.0,3.0,3.0,3.0,4.0,3.0,4.0,3.0,2.0,3.0,2.0,2.0,4.0,3.0,4.0,3.0,4.0,4.0,4.0,3.0,3.0,3.0,4.0,4.0,1.0,2.0,2.0,1.0,2.0,3.0,3.0,3.0,3.0,4.0,4.0,4.0,4.0,4.0,1.0,3.0,3.0,1.0,1.0,4.0,2.0,1.0,2.0,2.0,1.0,2.0,2.0,1.0,1.0,1.0,5.0,3.0,1.0,2.0,1.0
34451375137011513701014,28.0,35.0,26.0,1.0,7.0,175.0,70.0,10.96267,13.6815,9.27422,10.90415,116.66667,46.66667,10.0,3076.0,1.0,5.0,5.0,1.0,2.0,2.0,1.0,1.0,1.0,1.0,3.0,1.0,1.0,1.0,1.0,1.0,1.0,1.0,3.0,2.0,1.0,2.0,3.0,2.0,1.0,1.0,2.0,2.0,2.0,2.0,1.0,2.0,1.0,1.0,2.0,1.0,3.0,2.0,1.0,3.0,3.0,2.0,2.0,1.0,1.0,1.0,1.0,1.0,3.0,2.0,3.0,4.0,3.0,2.0,1.0,1.0,1.0,1.0,1.0,1.0,1.0,1.0,1.0,2.0,2.0,2.0,2.0,1.0,2.0,2.0,1.0,1.0,1.0,1.0,3.0,1.0,2.0,3.0,4.0,4.0,4.0,2.0,4.0,4.0,4.0,3.0,4.0,4.0,4.0,4.0,3.0,3.0,2.0,2.0,2.0,3.0,3.0,4.0,3.0,3.0,2.0,2.0,2.0,4.0,4.0,1.0,3.0,2.0,2.0,3.0,3.0,3.0,2.0,2.0,2.0,2.0,3.0,4.0,4.0,3.0,1.0,4.0,3.0,3.0,2.0,2.0,2.0,2.0,2.0,4.0,3.0,3.0,3.0,4.0,4.0,4.0,4.0,4.0,1.0,3.0,2.0,1.0,2.0,2.0,1.0,1.0,2.0,2.0,1.0,1.0,1.0,2.0,1.0,2.0,1.0,2.0,1.0,2.0,1.0
34451455145011514501014,30.0,29.000000000000004,29.000000000000004,3.0,0.0,270.0,120.0,6.33546,10.96579,11.01744,12.34223,172.8,76.8,10.0,3076.0,1.0,5.0,5.0,2.0,2.0,1.0,1.0,2.0,1.0,2.0,3.0,1.0,1.0,2.0,2.0,1.0,1.0,1.0,3.0,1.0,1.0,2.0,1.0,2.0,1.0,2.0,2.0,2.0,2.0,1.0,1.0,2.0,2.0,1.0,2.0,1.0,2.0,2.0,1.0,3.0,3.0,3.0,3.0,3.0,3.0,3.0,4.0,5.0,5.0,3.0,4.0,3.0,3.0,2.0,1.0,1.0,1.0,1.0,1.0,2.0,1.0,2.0,2.0,1.0,1.0,1.0,1.0,1.0,3.0,2.0,1.0,1.0,1.0,1.0,2.0,1.0,1.0,1.0,2.0,4.0,2.0,1.0,1.0,2.0,4.0,4.0,4.0,4.0,4.0,4.0,2.0,2.0,2.0,1.0,2.0,1.0,3.0,4.0,3.0,3.0,3.0,3.0,3.0,3.0,4.0,3.0,3.0,2.0,2.0,2.0,2.0,2.0,2.0,2.0,3.0,2.0,4.0,4.0,4.0,1.0,1.0,2.0,3.0,4.0,1.0,1.0,1.0,1.0,2.0,1.0,1.0,1.0,1.0,1.0,3.0,4.0,4.0,3.0,1.0,4.0,2.0,1.0,1.0,1.0,5.0,1.0,2.0,2.0,2.0,2.0,2.0,2.0,1.0,3.0,5.0,3.0,1.0,1.0,1.0
