dim_01,dim_02,dim_03,dim_04,dim_05,dim_06,dim_07,dim_09,dim_10,dim_11,dim_13,dim_17,cluster,cluster_pred
-0.0564824,-0.721404324,1.233218008404056,0.7950637105481416,1.152711489849378,-0.209143425,-0.159365799,-0.014080425,-0.27688081,-0.016079322,0.0832471963079638,0.0632423459739074,2,2
-0.030384927,-1.097853469,-0.956710439,0.1866328150781301,1.188670927163984,-0.569533052,0.174159723612517,0.0637516922117104,-0.135699164,-0.005541761,0.1761991392109566,-0.103038351,2,2
0.9643039435840632,-1.347522646,0.0188606110672972,-0.646950158,3.565128079234308,0.1838764126678854,-0.367158107,-0.241497235,-0.143351145,-0.097438991,0.3989818525615761,0.1196128114655305,2,2
-0.464942058,-1.343631791,-0.466541208,-0.514043693,-0.125213313,-0.36086305,-0.910659772,-0.508603491,0.2244743410510193,-0.314107538,0.4370035701131152,0.0027683379225702,3,3
-2.277012718,-1.597191726,-0.46812054,0.327881199364203,2.925651495488608,-0.066410551,-2.723635566,-0.296828121,-0.29013813,0.0457409463126595,0.2996317052918488,0.1416574825510552,2,2
-0.734930791,-1.348819565,0.5071919485050657,-0.424662608,0.8066969393057278,-1.105616716,-0.282401396,-0.515775401,-0.147865465,-0.01644426,0.2043574783854713,-0.222423932,3,3
2.403311608880861,-0.065777398,0.9933436886162929,2.1778022297640067,-0.861980396,0.8022698546037379,1.1196775420614866,0.5555536439753456,-0.372673315,-0.009265913,0.0303541774838574,-0.031784654,5,4
3.4181123912529383,5.289145680252636,0.991441600602322,2.389754492030757,0.0611934962808635,0.7899077488201013,0.6134438901327556,0.7064708535921432,0.0763276807758917,-0.243193924,-0.053731307,-0.103581096,1,1
0.5094201460113678,3.6231695790055887,0.992499364321248,2.695389364817591,-0.438517206,0.729906944045842,0.3064007203423146,0.5842662085872421,-0.271793483,-0.160632563,-0.007036272,-0.082172087,1,1
-0.164224697,2.9091798352241915,0.9929331668774488,2.674115108711038,-0.647707931,0.7261020079131592,0.6883877223669073,0.6179010738624675,-0.273346818,-0.140391308,0.0180887891433741,-0.074480632,1,1
1.3642014993207003,1.1608413976464875,0.2614858047155325,0.847756298463165,0.0652116608392203,1.2851377381714617,0.6139920777646476,0.5351944029692324,-0.372177568,0.11527443214481,0.1243101097476584,0.0081873988496302,5,4
0.4407298656617528,-0.407696704,0.0190975821143195,1.1844982192748177,1.1171155815441205,1.4299132205352316,0.3007310354027114,0.4008643582262684,-0.411434522,0.0559171391133731,0.005740686420348,-0.06153226,5,4
0.4528333384604812,-0.407696704,0.0199647195278662,1.6162277047138656,0.7077226616331267,1.3794452546000064,1.115154103557088,0.6436293180810967,-0.412266366,0.0413939985653893,-0.026235677,-0.055104612,5,4
0.8798654371537391,1.1608413976464875,-0.223022399,0.1492411002587494,-0.977592859,0.482003950614144,-0.294844144,0.0467768362784187,-0.258778236,-0.09336137,0.0997294904531328,-0.019651679,1,1
-0.040124106,-0.595921276,-1.442722628,0.877532757359099,0.4909361927091303,1.4584903470671209,0.205928793613595,0.1966782833191962,-0.459873157,-0.009266958,0.0204551168465256,0.1260270381289194,5,4
-0.040525046,-0.595921276,-1.687524068,0.8868802023771117,1.2065577290502916,1.4601621531748958,0.1316060355592532,0.1966782833191962,-0.459873157,-0.009266958,0.0204551168465256,0.1260270381289194,5,4
-0.478219014,-0.846887372,1.2407961353658494,-1.807685001,2.729232817940328,-1.441981608,-0.119398596,-0.234726341,0.4214464213630647,0.306680471292112,0.001926788541583,0.0562197969055271,2,2
-2.170780721,-1.474302613,1.4795158165010052,-1.506530542,0.8786095569961512,-0.798991862,0.3250909470184017,-0.586571429,0.1941984699070028,-0.117931513,0.3088397274718151,-0.042827151,3,3
-0.482701171,-0.093989084,-2.408488367,-1.009263531,1.3094849363841994,-0.920238336,-0.722762565,-0.202430423,0.0965686043674733,0.3033696295416793,0.1841500346074112,-0.164795931,0,0
0.8445134477113587,0.5334261569781911,1.4788246994533063,-0.871756189,0.8747310938630833,-1.267996562,-0.365616787,-0.06584727,-0.083706676,0.4165120391426209,0.0622356305514112,-0.18079044,3,3
-0.548866877,-1.223336517,1.23724563782208,0.5333095911405328,-1.195804803,-1.974015146,-2.617591841,0.1524482566621704,0.1723152493333947,0.4447791691279425,-0.039881639,-0.254120898,3,3
-0.540637752,-1.223336517,1.4804659512920602,-0.35246787,-1.139457511,-1.485780379,-1.97905908,0.0614765309420207,0.1617667515972099,0.4750951422403828,-0.065731971,-0.183488262,3,3
-0.513980784,-1.348819565,1.4796565786026634,-0.740573235,-0.724981333,-2.119480017,-0.002785379,-0.5144372,0.1014328225319049,0.0229468049665381,0.2518126304508434,-0.428586139,3,3
-0.02559904,-1.348819565,1.723246084612451,-0.155724144,-0.075294379,-2.17944577,-0.310389944,-0.284244468,0.131075626416902,0.1086682982595784,-0.153911565,-0.274256828,3,3
-0.463474395,0.6589092051118504,1.7226111472312082,0.8773392288989563,0.2628232135098036,0.162377133996287,0.6738806774944023,0.1085499036468928,-0.06194639,-0.238290539,-0.011986253,-0.062635275,6,5
-0.394405771,-1.348819565,1.480094721626259,0.849120597216151,-0.936134501,1.4534087849107742,0.3541780679261571,0.1087700810866169,-0.414579837,-0.044353695,-0.05855661,0.0320897401414543,6,5
-0.838284251,0.1569770125772132,1.4789409416356094,-0.316979768,-0.35200483,-1.168773875,-1.516094263,-0.191609503,-0.26801864,0.3773191122455498,0.0346423246992221,-0.394325661,3,3
-0.839520136,0.7843922532455097,1.4792401472395362,-1.208221115,-0.497879558,0.4867319160076404,-0.344742589,-0.009414847,0.2910629220668568,0.0435006593830833,0.1567375367503408,-0.051223898,3,3
-0.858261042,-0.093989084,0.5064916195938018,-0.771299646,0.3747605274408677,-0.576307585,-0.317589462,0.1271136010560515,0.4147538383455187,0.0509149825604831,0.1416751935797479,0.0328666413453438,3,3
0.1664527946342091,1.9137396864484428,0.7487405910877168,0.6621642624987947,0.858617780963209,-1.469476177,-0.050482074,0.3326588332661243,0.0602108521348148,0.4643910260334379,-0.05188702,-0.337591777,1,1
-0.641910041,1.0102617398860965,0.5059523202477276,-1.787909021,-0.511794527,-1.656437626,2.549504339111525,0.0053999543475788,0.2039778302322702,0.490232295791102,-0.417251431,-0.05013294,3,3
-0.434313359,-0.595921276,0.992952858812322,-1.931206838,1.2380797865120734,-0.136797557,-0.932734721,-0.492786236,-0.169434579,0.2454295476829359,0.1395814571716619,0.0396476278474721,2,2
-0.604447203,-0.938810305,1.722898965280566,-1.899107945,1.2280855546915972,-2.106960847,-0.933769754,-0.541497214,-0.060220103,0.3692082036133834,-0.057608673,-0.116892092,3,3
-2.605681672,-0.890983691,-0.46846461,-1.274737259,2.000601126406885,0.6157986546994132,-0.711278761,-0.241712284,0.0116871529880021,0.0423977879477318,0.1773242684966808,0.4194475534094105,2,2
-1.510762441,7.184027708062132,-0.710231549,-0.18903773,-0.725718422,-0.302735193,-0.002182893,0.2788829129721584,0.4940863930271426,-0.081764688,0.046953454568157,0.2578033359502228,1,1
-0.483015471,1.6627735901811245,-0.709903574,2.098355951326431,-0.863134052,0.7880607554032623,1.120098862197067,0.6892265524292733,0.1575684976336775,-0.287625484,0.1809404333964055,0.2255192619591679,1,1
0.3096086461908701,7.461914551719532,-1.928923232,-1.245399023,0.2861450788705094,1.409340381871624,0.5884214433132655,-0.038796218,0.0766302389607164,-0.104756722,0.192040338670329,0.2911626438616164,1,1
0.3265844251194056,1.172841157046397,-2.635890485,-1.87872917,-0.982715329,-0.397286791,-0.294531459,0.0125561111900459,0.4320404290619893,0.3243183985571823,0.2091017196978803,0.1554134563015022,0,0
-0.026087693,-1.348819565,-0.710563851,0.3180093137894019,-0.558101736,1.3999625823681825,-0.945851779,0.1333597164134239,-0.321641243,-0.013099187,0.1248179778777184,0.0278664975304278,5,4
-0.027103865,-1.348819565,-0.711144415,0.3417001219940717,1.2556187543798532,1.4041997228678986,-0.975022286,0.1457229714212955,-0.373054378,-0.001747463,0.198116323847118,0.0806869588539292,2,2
5.198356047090808,-0.595921276,-2.41441358,-0.84727059,3.955695374539264,-0.630977252,-0.975701432,-0.566281854,0.1499710749011056,-0.107218426,0.4939398100162717,-0.055063377,0,0
5.189919593473904,-0.595921276,-3.631338369,-0.88028441,2.1833196132384822,-0.595799691,-0.695436452,-0.526443958,0.1973383024273669,-0.124403274,0.5033525609848073,-0.05906429,0,0
-0.04713793,-0.721404324,0.7497503784325055,0.5772087337648453,-0.760369094,1.4877359553288871,2.573412082524024,0.092925717233957,-0.458425674,-0.244070995,0.1462176353553728,0.1690087086618518,6,5
-0.000763136,-0.34495518,0.2626450438431055,-0.272401989,0.6524181036228445,-0.00417581,-0.02290138,0.07015772329877,0.3092549357229503,-0.107785569,0.0948222826448172,0.0365269963900491,2,2
-0.008716606,-1.348819565,0.7499375078633654,-0.086976502,-0.818189886,-0.408312911,1.6403078968557054,0.0063461075800084,-0.102119645,-0.136797906,-0.141906437,-0.07644766,6,5
-3.140829077,-1.599785661,-3.144050244,0.4122080320440316,-0.075667042,-0.195201387,-0.353179703,-0.506802207,-0.259027331,-0.222875826,0.5366986932790079,0.0369335572228292,0,0
0.944274163528813,-0.34495518,0.748980614200695,2.25613873380002,-0.350781553,1.3067240237874789,-1.515773764,0.4449588699780048,-0.389115469,0.020849399183784,-0.0128578,-0.107931846,5,4
0.9614644791056716,-0.34495518,0.991884019966402,1.8553673870542908,-0.133405718,1.2350454010173424,1.0463364078195274,0.3885228397112259,-0.257363705,-0.199190785,0.0265402125764477,-0.178558214,5,4
0.4828045129035945,-0.34495518,0.7456392621091541,2.994014044050562,1.6605738281494522,0.4082439419937891,-0.206308525,0.5795683795645341,-0.021377834,-0.143130555,0.0055624518665839,-0.217415153,5,4
0.4276909006135649,-1.348819565,1.23403448463695,1.254672004244286,2.683171803194149,-0.251561189,-0.439375497,0.3715978117762024,0.3407609368399316,-0.044387583,0.086561832911822,-0.022872563,2,2
-0.040784824,-0.721404324,1.2340387631696523,1.3596832269952477,2.685810640508643,-0.048308511,-0.439160522,0.6655003510546411,0.4046252826249674,0.0120905979911056,0.0814653913756963,0.007247252320709,2,2
-0.035822975,-0.721404324,1.236160504579583,-0.147394475,1.2796819928529068,-0.068997983,-0.332553504,-0.139945515,-0.296347398,0.0610216866257467,-0.149634312,0.113177104432431,2,2
-0.058875673,-0.721404324,1.2371808772192174,-0.533420459,0.7661504203053716,0.4517622474768271,-0.591201158,-0.158934345,-0.286037579,0.0706996280455781,-0.019039672,0.068651800002914,2,2
-0.030055726,-0.721404324,1.4789931468189308,-0.281850864,1.521570781178569,-0.570905724,-0.35715314,-0.164751433,-0.137419728,0.0629053855531002,0.087286595234724,0.0763792335462294,2,2
-0.029934552,-0.721404324,1.2345337474655222,-0.284675901,1.305291671667928,-0.571410987,-0.724206343,-0.355566135,-0.157998589,-0.011609393,0.1908389469063101,0.0612386758451816,2,2
-0.520137277,-1.223336517,-0.223051248,-2.393586378,-0.995385604,-1.013021149,-0.296293645,-0.654793416,-0.111501634,0.2158427057582317,0.0907656010780267,0.0864422855867871,3,3
-0.497187919,-1.223336517,-0.224566795,-2.098218506,-0.242268116,-2.189501388,-0.051408826,-0.211757113,0.1238119014138065,0.4813788766348058,-0.320089916,-0.217796783,3,3
0.4592686028286893,-1.348819565,1.480053299669808,2.231637573967004,-0.895478033,-0.15694179,0.7122873873136039,0.22935036389758,-0.119806533,-0.392834656,0.0123288649472823,-0.297867404,6,5
0.4569920635910169,-1.348819565,1.236730122154678,2.2847123236493,-0.896962729,-0.625309275,0.7122400501269693,0.2234920758888481,-0.083100421,-0.319914511,-0.037933493,-0.25732281,6,5
0.4602741887949017,-1.348819565,1.2367326639352298,2.208193557471456,-0.895395055,0.0498767224478951,0.7123677620352066,0.2658847452700284,-0.146168912,-0.370869208,-0.002639146,-0.314182018,6,5
0.4602739662429064,-1.348819565,1.4800540782547231,2.2081987460011505,-0.894997832,0.0498776504250714,0.7123265073569068,0.2399015148106196,-0.093335989,-0.390045617,0.0183534167196562,-0.273798403,6,5
-0.649008134,1.8976943972910003,1.4792352484367557,0.1598077205495538,-0.511888833,1.41308308901728,2.549202197169202,0.383851817905026,-0.014944943,-0.128838041,0.0017693322728977,-0.036570058,1,1
0.7163426993119603,0.5292140874671096,1.235916425805547,-0.679526256,-0.499699723,1.3453832235880123,-0.344817256,0.1062928701973148,-0.237054908,0.1023069537385674,0.0758634228466974,0.0371840774028103,5,4
0.7163424767599651,0.5292140874671096,1.4792378401250403,-0.679521068,-0.4993025,1.3453841515651888,-0.34485851,0.1062928701973148,-0.237054908,0.1023069537385674,0.0758634228466974,0.0371840774028103,5,4
-0.478334966,-0.846887372,1.9787206578564545,1.4697378360811346,7.479718896135722,-1.187324642,0.6212385544719379,0.049531766859038,-0.163710256,-0.055791861,0.0018190827235629,-0.320559157,2,2
-0.973773083,0.5961676810450208,1.9656325311707687,0.3106528312156968,-0.389293728,-0.849055367,1.0694275109340927,-0.168146082,0.098680193810495,-0.207724622,-0.082792015,-0.027006702,6,5
-0.914962935,-0.34495518,1.966849193846468,0.1113241943439745,-0.928046998,1.1534256299691052,0.024756170836337,-0.013713625,-0.284443714,-0.020915893,-0.055474031,-0.067000117,6,5
-0.036075655,2.603896451183569,0.9911491718352736,1.0160808008257691,0.1800435049301315,1.441609483365511,-0.727338632,0.8319813013932312,0.0817902051053736,0.2071879717995693,0.2150272173751057,-0.106952287,1,1
-0.036587503,1.6627735901811245,0.7489100990582964,-0.129570427,-0.34466399,-2.133627072,-1.249415088,0.1224118646498257,-0.146662716,0.509517368850938,0.0755336172884226,-0.493209441,3,3
0.4646220309469692,0.6589092051118504,0.2615375614294867,0.6274813794607856,0.0309292809345066,0.4840596103779254,0.2564020288550993,0.2797915264327261,-0.38953488,0.1037064945521142,-0.111436728,-0.047079142,5,4
0.4609109271642794,0.6589092051118504,0.992153450183496,0.4801873986456914,-0.286450988,0.4995338352059061,-0.676878609,0.2279263097804192,-0.363720143,0.1553246666010341,-0.021141758,-0.075714742,5,4
-0.023921795,1.6627735901811245,0.2621808178695408,-0.194827076,-0.292816896,1.3909314177154903,-0.677176369,0.751195507408279,0.134894584860869,0.3241842189687623,0.1954886063090334,-0.014898673,1,1
0.0055696143955016,1.6627735901811245,0.7499309601354598,0.9928930084352988,-0.036050716,-2.309410006,0.0093280861549102,0.3209387704458591,-0.228119519,0.442218360396134,0.1043784755179607,-0.537523759,1,1
-0.01697277,-0.595921276,1.236421223659666,-0.816410377,0.7861628265470594,-1.388800205,-0.925392438,0.0219378617526728,0.4528555907312931,0.2626408993207879,0.0741293174653472,-0.262696872,3,3
-0.016731905,-0.595921276,0.9931955118769158,-0.822025853,0.3562532922020067,-1.389804542,-0.62452016,0.0353197138145447,0.4329099158233803,0.2669692024069692,0.0669294674634476,-0.256295337,3,3
0.4481453323508138,4.4234006491216284,-0.466690612,0.5448689904790103,0.32558748319124,0.8582792025382169,-0.918166599,0.4210409287788323,0.126581362951597,0.0125317509776044,0.1824384773387751,0.1064923568680334,1,1
0.4815459130786709,4.4234006491216284,-0.710748513,2.6344536087868744,-0.440050096,1.259722158440726,0.3067911459110176,0.82189812477014,-0.005915441,-0.21789912,0.1026096181020638,-0.023163032,1,1
0.47596442512541,4.4234006491216284,-0.46653396,2.427209047075692,-0.493311033,1.2829953419788125,0.0166767568679144,0.9292776050081056,0.1346817694488007,-0.08929205,0.1645491961508863,0.0424813950243055,1,1
0.4648014967485941,4.4234006491216284,-2.010682232,-0.07573078,-0.954716085,-0.406301595,0.0237869093497737,0.2752868643481527,0.3015972804262074,-0.056540561,0.0846867364937553,-0.036822428,1,1
0.4575519705163362,4.4234006491216284,-0.710054275,1.7521609490596353,-0.413133121,1.3597699295246477,1.1125268735342395,0.8084641774351086,0.059696413152179,-0.086952997,-0.003049935,0.0083196255076212,1,1
-0.529972568,-0.846887372,0.5067068302491092,1.01472804398724,-0.519394294,-1.226184319,0.0142574027035008,0.1534132928410684,-0.203920534,0.138455250177586,-0.08425411,-0.170669586,6,5
-0.493345934,-0.846887372,0.5066191243447832,1.8197003328408947,-0.44571953,0.5256192400310556,0.7049901083149375,0.4264267117658624,-0.416156548,-0.011428596,-0.11611205,-0.024053569,6,5
0.8996227861868992,-0.34495518,0.5067663157381868,0.6061228750028322,-0.541712703,1.4929072976400308,-0.303787338,0.5528545767797896,-0.306856334,0.1912943641983794,0.0337584085311282,-0.004871398,5,4
-0.948439085,-1.132871159,1.479541865945872,-0.425194909,0.8946758703613491,1.3084543944955416,0.3263998028557093,0.0013591264553636,-0.296750485,-0.03086847,-0.137648797,-0.0142685,2,2
-1.017561173,0.6618303364307507,1.4786979301108407,-0.435538196,-0.28935088,1.596673423571083,-0.37198632,0.1625237338877983,-0.178801632,0.1532643476986161,0.0544928620714713,0.2902457188163354,5,4
-0.599497912,-1.491811458,1.4777872407862804,-0.257043878,1.3207612197805725,0.4181650833234058,-0.417743957,-0.18790913,-0.255813552,-0.010514557,-0.017950022,0.1492787609313366,2,2
-2.59065047,-0.654284094,1.4798414177046288,0.0475339646008228,-0.068031842,0.7113258031982864,0.0065018721783669,-0.441087059,-0.350422536,-0.272191379,0.5036346122024427,0.0949962568389187,6,5
-2.547316156,-0.594460711,-0.224187583,-0.50350722,-0.423563877,0.5306343006363187,0.6627841858570628,0.1990297927755237,-0.175282451,0.1373983749760645,0.0113107292393486,-0.001351781,6,5
-2.547048491,-0.594460711,-0.466522313,-0.509747497,-0.90130694,0.5295182166025081,0.7124014490237907,0.2569375177882403,-0.187858029,0.1897887412112301,0.0123549564537478,-0.001106267,6,5
-0.96489454,-1.599785661,0.504270900909082,-0.588709696,0.6929551097706187,-1.134956811,-0.108136005,-0.3779372,-0.162867855,0.130023498351384,0.0265597898837677,-0.291780266,3,3
-0.123391935,1.1492047194486192,0.735917907140065,-0.176146788,0.1717215383176487,0.4653517198971394,-0.334199716,0.1438800618473482,0.2995878275706721,-0.136896276,0.0349852308625839,0.1082362319095566,1,1
-0.98786155,0.1569770125772132,0.7490145481614243,-0.282807984,-0.398009591,-0.530022175,1.069085539815884,-0.273488054,-0.252411832,-0.044403577,-0.401921404,-0.08432614,6,5
-0.975853278,0.1569770125772132,0.7498653804855625,-0.333220018,-0.416196077,-0.580093183,1.111835658280572,-0.245169687,-0.220802847,-0.015943513,-0.316158818,-0.053224622,6,5
0.4856723333302005,-1.347522646,-0.953959925,-0.567301019,0.6517290836054133,0.1981217938543291,-0.022589438,0.337910990882472,0.1736721262854733,0.1116584458743393,0.1730509354532366,-0.126980338,3,3
0.4861670199026942,-1.347522646,-0.954511185,-0.578834036,-0.231215445,0.1960590945361761,-0.050287566,0.2862028146924787,0.1487968220002301,0.072737296407153,0.1008727111145158,-0.229807369,3,3
-0.51101468,2.41567187898308,1.4779476762766843,0.3411865777788025,2.0216662965954315,0.146980652118683,-0.088649273,0.2002596114437915,-0.273191646,0.1697449800726167,0.0228820617526129,0.002459805840295,1,1
0.4498009587724226,0.909875301379169,2.6969456961031484,1.4457471460625817,-1.039664547,1.3920893970989834,-3.980251131,0.9140496991635456,-0.053070647,0.473985599928784,0.2791185988620225,0.2607800439249269,5,4
0.4498022940843936,0.909875301379169,1.2370172101861885,1.4457160148844144,-1.042047887,1.3920838292359254,-3.980003602,0.903449869062531,-0.063824914,0.4576528636425522,0.2604996459181952,0.251606828475793,5,4
0.449802739188384,0.909875301379169,0.7503743815472018,1.445705637825025,-1.042842334,1.3920819732815728,-3.979921093,0.9059190022874016,-0.045256731,0.4611654924992823,0.2943492659614678,0.2612770948183586,5,4
0.4458516699915949,0.909875301379169,2.696942637650228,1.3003131921879871,-1.041550885,1.4085567841847888,-3.980404803,0.894213621112725,-0.043279372,0.4784882125446342,0.282181538953017,0.265123467803163,5,4
0.4271440193990813,0.909875301379169,1.2347941952509356,0.8022076058424894,0.0146176030180635,0.9458485774001474,0.2547787249199043,0.0588345390955159,-0.10729826,-0.215917686,0.0746566506946776,0.0891503237340928,5,4
0.1817745236214739,-1.436657699,0.9910565198110076,-0.293820226,0.2388694789639883,-0.874475902,-0.10104401,-0.534670562,-0.100811815,-0.196152205,0.4171775620380218,0.0845758290514776,3,3
0.1816539792359305,-1.436657699,1.234726135101447,-0.29100988,0.4540239050966047,-0.873973267,-0.083589887,-0.523948288,-0.056800055,-0.202406694,0.4086100397257133,0.0965174361153983,3,3
3.305526690923408,-1.095908042,0.9922954203931194,0.629459795698761,0.7810440990931341,0.8734084089208666,-1.246245331,0.4001212745769076,-0.277841969,0.2683525137338962,0.2101056541630886,-0.060044773,5,4
3.3187971268874747,-0.844293437,0.993144165497675,-0.14376713,0.3815482160101824,1.358788221385474,-0.317183727,0.4158654724195352,-0.293212661,0.2135204406281778,0.0631602522051273,0.0741116609946206,5,4
2.8547947381759777,-0.844293437,1.4793361140296477,0.7606304003020752,1.3769275445864095,1.3120336181220524,0.6762523540782496,0.3630976303974043,0.2119965183751058,-0.251371145,0.0498237727947668,0.0068915460752472,5,4
2.3406008497252,-0.844293437,1.2355587765898313,-0.416496683,0.7971857764671751,0.389646683558786,-0.96872614,0.0868615277301733,-0.201537707,0.1842979700106129,0.0370744815047087,0.1840324797698579,5,4
1.4004909975498336,2.6666379752503984,-0.954011031,-0.481074759,2.1900452105906267,0.0823342567406396,-0.346190851,0.2067501103197558,0.2495221682150528,0.1249210927672705,0.0894084899057718,0.0327502562273502,1,1
1.4226984207426745,2.6666379752503984,1.94514387807158,-0.768784928,0.4681191493918857,-0.221275762,0.2915089244734913,0.0807386017291522,-0.124179961,0.2683515713271048,0.027332663451874,-0.102144433,1,1
1.4237044394054676,2.6666379752503984,1.2287457309247545,-0.792239032,0.4674298264915592,-0.014459053,0.2916695085782217,0.0826568110276442,-0.109639021,0.2396659180734166,0.012377002725795,-0.06769832,1,1
-0.518436039,-0.844293437,-2.899789683,-1.181405421,-0.52292796,-0.480554316,0.0150001369848017,0.3074346056261909,0.5466550101371439,0.368411181933909,-0.094878254,0.0190126633510748,0,0
-0.508201957,-1.4733299,-2.657417946,-0.938742615,-0.437539889,-0.045367471,0.6623817663902893,-0.087775353,0.2907608811509916,-0.061686932,-0.160860606,-0.063876391,0,0
-0.19506932,-1.136762014,-0.710122815,0.061098615149973,-0.387248775,0.3105121149032698,-1.474071212,-0.028207876,-0.061015772,-0.001812951,-0.037269372,0.0099880603108897,3,3
-1.5883416,-0.8987654,-0.592821066,0.1705239531743001,-0.339743889,-0.156290118,-0.97233055,-0.002924933,-0.064623562,0.1218123671278201,0.0976294677376942,0.1768914487846557,3,3
-0.71922469,0.0117184769242493,-0.228033369,1.1341855760160346,1.4203138310481402,0.3778160328552261,-0.22558705,0.221879704801813,0.1127899601411925,-0.246295346,0.1013431536757315,-0.081143421,2,2
-0.718905521,-0.919516689,0.0202206781362275,1.1267445227053283,-0.966504295,0.1628595267476832,0.0222121330154618,-0.092578165,-0.218698619,-0.180069373,0.0415874571141771,0.088284527146665,6,5
-0.730834821,0.0117184769242493,0.0197817875062422,0.4773063026498942,-0.764242426,0.970429915922355,2.5733173826705835,0.0602455434302514,-0.443696219,-0.072612215,-0.210676959,0.2105286865206778,6,5
-0.698170956,0.4773359625921234,0.0193846804283318,1.1123807983453982,0.9893926439900944,-0.612469091,1.610858200426859,-0.086157713,-0.279392589,-0.226910595,-0.314816891,-0.063036388,6,5
-0.499357525,0.1569770125772132,3.183226402270434,1.7139108576111337,-0.864582396,0.0983737016031494,1.118803034593665,0.5448372809170163,0.0491193082235878,-0.129434539,-0.003884125,0.0407861193694743,6,5
-0.499357525,0.1569770125772132,3.183226402270434,1.7139108576111337,-0.864582396,0.0983737016031494,1.118803034593665,0.5448372809170163,0.0491193082235878,-0.129434539,-0.003884125,0.0407861193694743,6,5
-0.49313573,0.1569770125772132,3.1833599336977425,1.5688572720136995,-0.923910176,1.3709729738255836,0.3546586291990502,0.4953083971875921,0.1322358558097105,-0.441900135,0.1619292802571944,0.1537260108415025,6,5
-0.49313573,0.1569770125772132,3.1833599336977425,1.5688572720136995,-0.923910176,1.3709729738255836,0.3546586291990502,0.4940792880377178,0.2005378953798234,-0.472037723,0.1656510836921871,0.1514007755168095,6,5
-0.450687205,0.1569770125772132,-1.54759866,3.135306396776669,-0.806642924,1.193974952819091,1.6419436873609736,0.5778604401571746,-0.154845706,-0.317032771,0.0646576350734539,-0.121628084,6,5
-0.013894437,-1.348819565,-3.242022615,0.7327664850173007,1.5215808954080774,-0.386722858,-0.355724009,-0.582937385,-0.239795574,-0.438246072,0.3793700241919958,-0.304321707,0,0
-0.028128812,-0.846887372,-4.603591253,-1.48780667,1.6784012705438554,-0.327369651,-0.939402113,0.0161399167343198,0.4934811026884778,0.2409469167576512,-0.031231778,0.0110196038896762,0,0
0.0103881558346937,-1.097853469,-3.874053308,-0.300099325,0.3851824413046447,0.1629522017144171,-0.664922822,0.2207418127805024,-0.271201255,0.2687406304030759,0.0007474233622035,-0.122222859,0,0
-0.132605175,-0.651041747,-0.225233692,0.3653784738089543,0.4938750365309857,0.7006284770182738,0.2500318309144878,0.4856459333466396,-0.2672263,0.1354195008908501,0.1022754817017399,-0.118018884,5,4
-1.050444398,0.548668359977389,-0.471378221,-1.001509092,1.4670256937793322,1.287796057255952,0.1082255090334915,0.0901001557123702,0.3260549322555153,-0.086559654,0.1879696765803277,0.0114874381062011,2,2
-0.498383085,-0.846887372,0.0182275205579444,-0.873358239,1.5458186232022244,-0.85484931,-0.398967776,-0.210647243,0.2916194072211571,0.04033638594631,0.1992715364175857,-0.123592447,3,3
-0.494635302,1.1608413976464875,0.0184107793426557,0.4231640685050563,0.693521581524979,-0.358617356,0.2662225911211201,-0.018853434,-0.240576066,-0.064146095,0.2354133944617003,0.0178150085645134,1,1
-0.470636211,-0.595921276,0.0190905413486877,-1.060997191,1.5351495226618417,-2.3002143,-0.355605247,-0.574596525,0.0709107378019642,0.1253899842346438,0.1398949254638618,-0.199505751,3,3
0.4814768910677591,-0.595921276,-0.224634388,0.234530769588722,0.1999840554414863,0.7192962843404357,-0.375838627,0.346615631356086,-0.317621991,0.2496331055230699,0.0687923196229071,0.1169160565583158,5,4
-0.509445193,-0.34495518,0.0191987738103622,-1.079684522,-0.083903365,-0.29686441,-0.660083436,-0.308549645,-0.132804653,0.105897151198938,-0.069012813,0.0005375323337052,3,3
-1.884908129,-1.348819565,-0.224521433,-0.316549052,1.2985823266644363,-0.053615521,-0.68007954,-0.090761062,0.175034501939097,-0.102463094,0.1788279895215325,0.0315355094981655,2,2
-0.005710462,-0.846887372,0.0189813403427041,-0.388622403,0.8134776240008238,-0.194558414,-0.967030836,-0.152344992,-0.068589228,0.0594331794770544,0.1338876884249388,-0.040155531,3,3
0.4537157890102213,2.164705782715761,0.0200519420874668,1.595654441025098,-0.867324909,1.3757656921286077,1.119536606019598,0.6467722068232471,-0.385603745,-0.019608613,0.1512706452466928,-0.121948218,1,1
0.4771320129041664,1.1608413976464875,-0.224546413,-1.514817627,-0.22969711,1.278126840084806,-0.050384718,-0.241718256,-0.269181142,0.0682380861563203,-0.003761292,0.079841441356665,1,1
0.4849125914572131,-0.846887372,-0.223245313,-1.006937659,-0.852821399,0.3994538667482797,1.1207917616009326,-0.257055209,-0.210394186,-0.015566051,0.066584296583643,0.1109835498725373,3,3
-0.49952576,-0.721404324,1.4799247272316909,-0.617018655,-0.075656485,0.8569038676338802,-0.310345829,0.026765411670118,-0.309055156,0.2502336790234458,0.1443789652340643,0.1555509492081028,2,2
-0.484989646,-0.721404324,0.9933943319234892,-0.03399419,-0.118479429,-0.910696061,-0.910552879,0.0412005748852288,-0.255348208,0.2548213601300952,0.0749035876375878,-0.129187355,3,3
-0.506068844,-0.721404324,0.263548871988001,-0.694174104,-0.961925713,-1.325855906,0.0225115163217907,-0.171489446,-0.175763409,0.3912683967055392,0.010948267162877,-0.155032023,3,3
0.4048450038983495,0.3452015847777021,-1.197638817,-0.059261115,0.4308527398692516,-0.403355968,-0.040509701,0.1882909432797282,0.3116722565115431,-0.033718107,0.1615385789987104,0.0576125497974438,0,0
-0.490331135,1.6627735901811245,1.4793273393140935,1.7494139698329676,1.3715156315687465,1.3592786277154127,0.6758114679967224,0.9933817151915132,0.1009924184986689,0.0227639022467401,0.0966107474878661,0.0233039913487368,5,4
-0.480120315,1.1608413976464875,0.9924306629195624,1.0242418557431323,-0.41468567,1.3167024739924436,0.6631393824541245,0.587692559452869,-0.33862515,0.1624567471792619,0.0670166568089705,0.0312200024769361,6,5
0.4663278331944577,-0.34495518,0.7488181570272097,2.348131768491106,0.4912782565434316,0.4769469104817825,0.6485547245163154,0.6276566762334528,-0.39363372,0.011371986261999,0.0579265520037606,-0.102157704,5,4
0.0485234732598407,0.5292140874671096,0.9930069289645012,-0.836617705,0.839853624234654,1.317287156381583,-0.324079184,-0.246266278,-0.248927228,-0.006501993,0.1748465366451655,0.354519301264116,2,2
4.776196870823848,-1.374758627,0.992628313756464,0.6554400249685484,2.178217788668685,-0.442622962,-0.653019062,-0.161867311,0.1437833581352237,-0.163709767,0.0696923233995053,0.0222674485620044,5,4
0.2864613785689422,0.2892481229929623,0.5052970944644488,-2.319850905,-0.175202177,1.3032466667052025,0.6385646418690166,0.0727943862884538,-0.15791175,0.3156856256162376,0.0176808015985084,0.2466958249655025,3,3
0.467201890321992,1.0155709002240905,-0.954349701,-1.430442039,0.8383071740063349,-2.284153257,-0.673123705,-0.222608726,0.3207937707685364,0.4010382794488555,0.152261048533172,-0.073796267,3,3
0.297952130655115,-1.179204111,0.0190345823248175,0.653236818905473,0.3577772472195528,-0.193234048,-0.668333247,-0.116298833,0.2037998107150699,-0.290955116,0.3547018034344847,0.0432250226253788,5,4
0.864160134261725,4.015323359679655,-0.466364047,-1.327318633,-0.990469584,-0.550236846,-0.295819543,-0.285174312,-0.041389807,0.2290131873950491,0.1026136052280942,0.411285350785816,1,1
0.4864188709365561,-1.277487265,-0.224225631,0.4449117907179129,0.3951264974794649,-1.2834944,-0.665216943,0.0596393568977245,0.0984538957594856,0.2189307523858458,0.2108290338287179,-0.199040513,3,3
-0.072898836,-0.775880773,-6.30610431,-0.295437172,-0.957229047,-0.008295691,0.0248817342339036,0.0934366557124836,0.4396956451109399,0.0158679912942062,0.1966430202692113,0.1287264631881793,0,0
-1.181585557,0.4423063103041876,-0.709427648,1.2696899770524437,0.0415041533158443,1.4030797711609462,-1.439142491,-0.105311811,-0.112648659,-0.225119809,0.4733198608626634,0.212527323456596,5,4
0.740491967608699,-0.99085497,-0.709749688,-1.038419735,-0.544494768,-1.46956168,-0.608921669,-0.51072444,0.0398617551242174,0.2574947651912373,0.319866434493336,-0.227815393,3,3
-0.222387311,1.415908504498734,-1.440837367,-1.278808424,0.3902632386647394,-2.339170202,-0.665245059,-0.466869376,-0.105399155,0.437020843164735,0.1343597808688957,-0.038592222,3,3
2.6149889658026115,-0.277946008,-1.439796964,-0.14873694,-0.896107548,0.7757705617221665,0.7131194811561926,0.1680640698533874,0.2857311068340588,-0.221596877,0.2771972266496409,0.2228817879339951,0,0
-0.358871768,-1.326483142,-3.143025489,-1.19938393,-0.529531991,-0.652871172,-0.301690804,-0.643248316,-0.186139597,0.0995430940753288,0.0431699943511949,0.2970846345381273,0,0
-0.25998751,-0.776275561,-1.927583309,-0.653870187,0.4418427730342125,-0.283413547,-0.039393545,0.2970206535236722,0.3979541613700103,0.29712023353915,0.1509395795364486,0.0420180042094424,0,0
0.4440132483902073,-0.850375888,0.2635636027560886,0.7130089906259975,-0.952840332,-0.390256519,0.0232516646012542,0.1709387054037963,-0.203078277,0.0581213369145539,0.0886244792872504,0.0091188492770655,6,5
1.5603495256342506,3.881893460738153,-0.709939691,0.1516014417013529,-0.061770501,-1.002524318,-0.308552062,0.0426637897039763,-0.087960914,0.2542127473044612,0.2005735846966938,0.0552911438827805,1,1
0.3229550180373916,0.2381956098652707,-0.954634192,-0.08634799,0.1768598556248688,1.451474144268585,-0.377501615,-0.077710523,0.0712331094367027,-0.139800972,0.0694906128701364,0.2023916008220427,0,0
0.6946743660028425,-1.277487265,-0.953448222,-2.164611352,0.36537361349789,-2.105130194,-0.317912486,-0.858242383,-0.067741212,0.2676067274512382,0.4977603649389843,-0.294362219,3,3
-1.894223596,-0.325500907,-1.197793626,0.7921924763602898,-0.266581792,0.5135184643518487,-0.369321654,0.1505264486792746,0.0977213216317627,-0.139491138,0.3487769889270884,0.1629134146469266,6,4
-0.035800169,-0.130958182,-0.954320419,-0.226095821,0.8563672967276441,-1.919266994,-0.671652422,-0.413428473,-0.060603015,0.2128878226555351,0.2406822168937002,-0.293288754,3,3
-0.453979243,-0.325500907,-0.71415398,-1.52317364,1.5712239269732535,-1.136922798,-1.126238027,-0.596261137,0.1410318474947595,0.2715508253707218,-0.064354041,0.0485980219682922,3,3
-0.598510907,-1.277487265,-0.466418182,-0.417552047,-0.537873681,-2.350508539,-0.608455891,-0.666516671,0.0249719942746472,0.1146408613806778,0.5965665241964332,-0.533170614,3,3
-0.044019521,0.8722547041084332,-0.467590759,-0.503509105,0.4247317030490439,-1.077873932,-0.357455754,-0.005228283,0.0375989088920006,0.293791698761928,0.1250315866345996,0.0054986984722035,3,3
-0.086355097,0.0123579164999416,-0.223467255,-1.364193045,-0.76597895,-0.389487753,-0.627112295,-0.214302797,0.4281745623525236,0.1765624418929684,0.1016035838967601,0.2566971495090284,3,3
-0.253233834,-0.91058511,0.0202136750245528,0.8475538851259273,-0.909259064,0.1130627634646586,0.3568091870860033,-0.30739183,0.1167046539268747,-0.507585883,0.4269147330410319,0.0378529845518504,6,5
-0.082352135,-1.277487265,-0.710390216,-0.537386103,1.289205994643969,1.3296641653233077,-0.331188704,-0.042489469,-0.217472931,0.0711808252439058,0.0833315126377781,0.0654364437750193,2,2
-0.148835293,-0.454067238,-0.71025625,-0.436743274,-0.679388464,-0.033568522,0.3315249388177988,-0.155702654,-0.124558747,0.067042923090335,0.22902928005905,0.0341386248704063,3,3
-0.064452205,-0.130958182,-0.223408224,-0.260078613,-0.009088221,-0.254527203,0.3417525907460185,0.0905896394719103,0.2849588285973546,0.0837935535319214,0.1384247291957601,0.05560027537745,3,3
1.0194502631728852,-1.277487265,-0.223116572,-1.007761869,-0.915104071,-0.49030643,0.3564066334440791,-0.71418015,0.0458252735856707,-0.106703849,0.6327253957557628,0.0206204642264104,3,3
0.9937168313335908,-0.130958182,-2.171078,-1.327949272,-0.267379448,-0.383005494,-0.369092176,-0.159916816,-0.062913081,0.3541843541795771,0.0917133570343551,0.3274591544014968,0,0
-0.085261252,-0.417590477,-0.466932767,-1.623064174,-0.312302352,-1.408961866,-0.634311228,-0.727904119,-0.048307018,0.386507672944509,0.2455296110474128,0.3507046866979079,3,3
-0.008039085,-1.044894659,0.0202631443319363,-0.151674614,-0.94031275,-0.065787865,0.0243458494314832,0.0118735337843706,-0.159963597,0.2039643513254315,-0.052425108,0.0460661667606953,3,5
0.253366334065192,2.178533929555829,-0.223816489,0.3713747804410029,1.7333653571156695,-0.535906996,-0.644659572,0.0807796352056848,0.4473379665467938,-0.115221397,0.1684752339393939,0.0069518338538187,1,1
-0.617371509,-0.130958182,0.0195785147402744,0.7241302455547306,1.2931653567778942,0.7647918288244562,-0.331086996,-0.261857108,-0.16637075,-0.201267156,0.2412936168660437,0.0690505461541157,2,2
-0.04200546,-0.417590477,-0.46664649,0.6431990681259417,0.3528002679934029,-0.574412856,-0.915949686,-0.03150755,-0.101111621,0.037327526509703,0.1279639580547711,0.0576353714155806,3,3
-0.057211471,-0.130958182,-0.22318293,-1.583085398,1.0382249483580046,-0.762578956,-0.612826383,-0.45032157,0.2414652279513802,0.2323191832982621,-0.175359266,0.2634849210895315,3,3
-0.284519186,1.909914929141321,-1.926655527,1.0898146493972638,-0.411529814,0.7877166014985674,1.1130255623767629,0.0540377015363042,-0.277821722,-0.272881309,0.2434136801754168,0.128510930578383,1,1
-0.300016116,-0.507656561,-5.819026928,-1.574053992,-0.804388287,-1.10353475,-0.584316507,-0.718320067,-0.106640093,0.129077688904889,0.5399717680282523,-0.027734286,0,0
-0.78340242,-0.776275561,0.0167526129153943,-0.965165087,6.497203071708749,0.448066022312622,-1.079013373,-0.199034952,-0.217002464,0.2608087180455654,0.3563008580619206,0.3326047531286829,2,2
-0.074368513,-0.130958182,-1.927741298,-1.877015177,0.8873488828995097,-0.002167567,-0.047331708,-0.101969847,-0.027099133,0.4393917475380848,0.0255078762569285,0.1057709722083281,0,0
-0.172910455,-0.199048136,-1.440727709,-0.238472207,1.1168144272272238,-0.123129757,-0.028785332,0.2579450692127494,0.4051011479321695,0.0594450542909024,0.2123498059356559,0.033634934025796,0,0
-0.827279244,-0.776275561,-0.954603567,-1.346959827,-0.22662842,0.9365361802724717,0.2800196424967617,0.0192361844417041,-0.296935712,0.1721510694918225,-0.021795628,0.2348298631057133,3,3
0.4702246077452036,-0.417590477,-2.899549114,-1.27121353,-0.976508563,1.2806137007450764,-0.293946048,-0.148925533,0.240275253759108,-0.102479267,0.373274984294659,0.17832124890538,0,0
2.351334296589184,-0.776275561,-0.222991024,-1.085544027,-1.015205693,0.3530140279061472,-0.603184067,0.0664630801540691,0.196770159209013,0.2438581110437626,0.1700588996098748,0.2441190702131896,3,3
0.4820654402426916,1.0155709002240905,-0.467347067,-0.625351843,1.06101593227168,-0.278312993,-0.655127777,-0.032090641,0.012999563425999,0.251809670081339,0.1804316906803045,0.0548746824502693,3,3
0.4391489501250856,-1.280729611,-0.466452104,-1.97382622,-0.924208499,0.4753178280735444,0.3557385483280296,-0.279457781,0.2521893657646129,-0.009899547,0.2494264620960749,0.1009935847663972,3,3
-0.059495863,-0.130958182,-1.196035524,-0.142696965,-0.325109879,-1.262222577,-0.590902063,-0.268619015,-0.027305241,0.1187328435782179,0.3100372119552673,0.0004124612483461,3,3
-0.321281996,-0.867748128,-0.225359476,0.9889362753408356,0.1843515178736104,0.3315740303638534,-1.018209513,0.2979122271379272,-0.163860525,0.0573937707886231,0.3242794074957886,0.0857252231021663,5,4
-0.091640535,-0.560906576,-0.955805524,-2.469501684,0.3773963708890189,-0.141159767,-1.322771613,-0.148360349,0.0338690785015868,0.6022287948898775,-0.048220468,0.4472179231834919,3,3
2.27152749845215,0.8354387329405621,-1.197467253,0.3697226326991011,0.3662874917719083,1.2421191129074194,-0.95886179,0.7094625392405052,0.0583969924518798,0.2440844104956655,0.2728083315340601,0.0586543267685741,5,4
-0.102192565,-0.704222675,0.0184584397000581,-1.709589164,-0.103527963,-2.164977816,-1.273781589,-0.46964237,-0.022320352,0.711013831158412,-0.081129168,0.2168281843640907,3,3
-0.25869308,-1.30991102,0.0198148625479225,-1.133947163,0.4120471326754031,1.305164019098371,0.0018219057254678,-0.566352208,0.000106536622963,-0.305835723,0.8258435875012342,0.0615723786942552,2,2
-0.166589863,0.7503472763525211,0.9937791391034968,-0.817245803,-1.068201482,-0.415091253,-1.441597513,-0.126153864,0.5025464549870355,-0.019081917,0.0274787069953144,0.0056020593297856,3,3
-0.523512842,1.121932852625929,-0.223844759,-0.677874882,-0.58312131,-0.390164531,1.615520720942855,-0.324205833,-0.088410289,-0.057668318,-0.362562411,0.0548713872018984,1,1
0.7349852793387018,-1.417235219,0.020104184060715,0.4427138951878946,-0.910584988,-0.784020901,0.7114983753300943,-0.351773678,-0.236363883,-0.214345349,-0.061778166,-0.087649499,6,5
-0.149552586,-1.478193468,-1.198272778,-0.793253036,-0.019156761,-0.451941168,-0.39339666,-0.304680287,0.4931533520275185,-0.226413332,0.0626376943052733,-0.110016407,3,3
-1.007163641,0.6264854500185059,-0.466685113,1.5528456325532605,-0.829765962,0.112701792194666,1.63973291611824,0.1130227299932153,-0.28446129,-0.271657521,-0.25686439,-0.077857508,6,5
-0.345102432,-1.14648915,0.5069192595361941,0.44586481808831,-0.976315472,1.3812858172717708,-0.219852433,0.2196529380654217,-0.274330979,-0.038060392,-0.190239338,0.0392441791894692,6,5
0.3569562451367934,1.183863814428618,-0.468317602,-0.979851405,-0.023557371,1.3327243019280124,-0.393976004,-0.271209563,-0.230641716,0.1269325276408222,-0.219469169,0.0912144105877345,1,1
-1.48382174,-1.460684622,1.2359727447982984,0.8094943439333004,-0.521927727,-0.41507009,-0.65190384,0.1179243298484167,0.4573855054559267,-0.381242205,-0.006424171,0.0890437410590018,6,5
0.7922277801942164,2.495761592168967,-0.953578471,-0.412456267,-0.680283373,1.2693175968039472,0.3315256491591589,0.0118395408890259,0.1999071131974629,-0.1287,-0.274950308,0.0820067037625087,1,1
-0.557025279,-0.356627743,-3.14312992,0.3931412532852261,-0.905653245,0.2476566082704494,-2.002845031,-0.163738125,-0.161342975,0.0661374500793707,-0.105112631,0.1544096536151833,0,0
-0.566844374,-0.735995029,0.2626489038789422,-0.591124468,-0.547066847,0.6801282549397968,-0.653657361,-0.257517445,-0.097550122,-0.051530242,-0.080581564,0.0629932685101043,3,3
-0.191281067,-1.105635178,-1.683009759,0.87421847874984,0.5555921900346455,1.4578975828185854,-0.607471085,0.6490966119837402,0.1787362169497076,0.0917822335544132,-0.107942466,-0.056090853,5,4
-0.057927142,0.3168307382764241,-0.95402194,-1.082546666,-0.099847454,-0.380403885,-0.952677787,-0.006006896,0.3716863876584693,0.1006270726216077,-0.188768859,0.1086293074194141,3,3
0.2566893269070122,-1.488893318,-0.221329095,0.9836336850810956,0.4983476617932542,-1.39883808,-0.815702767,0.1107249354995134,0.1902465600968926,0.0350061029236328,-0.147358602,-0.434674213,3,3
-0.431486264,-0.107607074,1.9663982817125631,-0.882758238,-0.733199538,0.1829770975554999,2.5752573993440664,-0.589695848,-0.140941172,-0.346455826,0.0377919184300889,-0.025170269,6,5
-0.035222841,0.6589092051118504,-0.223152328,-1.322417996,-0.937156861,-0.809648735,0.3546100842119334,-0.285447125,0.1247400945628699,-0.018918026,-0.304165878,0.0548825028224052,3,3
-0.505586455,-0.603679062,1.236313959804362,-0.171155285,-0.676892192,-1.225651983,0.3311393812492691,-0.276066224,-0.092911694,0.0184490966827443,-0.145844619,-0.268619348,3,3
-0.739682578,0.0071761238057049,0.2634612948622785,-1.322256941,-0.888171523,0.4252542808231759,0.7132506924214782,-0.041634181,0.2816481086298091,-0.13335092,-0.218909114,0.0596922265061199,3,3
-0.166663084,-1.107580605,-0.709553741,-1.045084994,0.1193051065535093,-0.666356688,-0.599076345,-0.531020094,-0.035197711,0.1437985270172341,-0.25540099,-0.159405503,3,3
-0.509694073,-0.348846034,0.5064434713553868,1.543791679994645,-0.751818798,0.3247081390333417,2.574182254419637,0.0777361744555443,0.0483028234133316,-0.505967838,-0.235656827,-3.31e-05,6,5
0.1093645115392998,1.865104005172745,1.2370869008946797,0.0075963940194176,-1.12512389,-0.863142029,-1.708367038,-0.277693729,-0.141926946,0.2329244442358208,-0.339135303,-0.003199523,1,1
-1.437595595,-0.735995029,-0.467438416,-0.955397108,-0.433189443,-0.480940905,0.3793225122762643,-0.285497267,0.4678384471427611,-0.21962467,-0.088551937,0.0042160069960038,3,3
-0.556879865,-0.364409452,1.9667317186461049,0.5608455257785484,-0.938936777,1.484809368330882,0.353802548534498,-0.213208447,-0.252226656,-0.311975072,-0.217969117,0.0854871003313098,6,5
-0.195563165,-0.364409452,0.6322279308692194,1.4848534084982672,-0.34585934,-0.294280997,-0.593145573,-0.351005749,0.2343784882510709,-0.567530275,0.1000375133575869,-0.137741946,6,5
-0.455619181,1.1997499426670457,-0.711390296,0.596115509549378,-0.151244912,1.3664979916523834,1.0453984264709308,0.3527834097960894,0.1678910311817873,-0.275046219,-0.133901157,0.1475168901935143,1,1
-0.717188044,0.8884756016178619,1.4802451145957725,-0.148026591,-0.963949097,-0.276146924,-0.294247947,-0.254773005,-0.097014023,-0.040316396,-0.132534916,-0.089141507,6,3
-0.19479743,-0.735995029,1.966611630802717,0.9979637239647032,-0.871317501,1.4383692139985351,1.1186224275669434,0.3197179952183793,-0.216099119,-0.101163175,-0.071464851,-0.036678196,6,5
-0.888105553,-1.479166181,-1.196431399,1.5044351523030772,-0.934683363,0.5563556239920237,0.3551060491300023,0.2888806405133138,0.2551842761403086,-0.457549826,-0.068565174,0.0456943232404711,6,5
0.0031743739332013,-0.859856855,0.2629114561057374,0.6522393998686616,-0.608862623,-0.780379513,1.0962871444644529,0.3053632038202532,0.3114813216578521,-0.012885441,-0.245201486,-0.14300252,6,5
2.0037864134830548,0.6686591313465383,-0.954372663,-1.473672373,-0.316159764,-2.208857499,-0.970299853,-0.337723363,0.5532267980333504,0.2240552596599993,-0.12889329,-0.430543715,3,3
-0.424207006,0.3168307382764241,-0.95443799,-1.629426704,-0.245077864,-0.334061915,-0.367643433,-0.186204492,0.5253536436372785,0.0526831493552829,-0.118633436,-0.014730764,3,3
-0.921730544,-0.612133202,-1.927408159,0.1946861007906177,-0.474462411,1.0020786149813183,0.304355791579362,0.0376979810858567,0.2398943171142471,-0.286414746,-0.389323913,0.049651665262159,0,0
-0.117560025,0.213785880661115,0.5068008337694225,0.6330336260800669,-0.942799705,0.9570066544473635,0.3539295407367664,-0.142635724,-0.275293497,-0.252342154,-0.063773515,0.1052737712898827,6,5
-0.142118023,-0.730158747,-1.927251136,-1.464688309,-0.498187816,-2.29027826,-0.343737094,-0.131425134,0.6460111839079323,0.2894391081980329,-0.193441152,-0.175182217,3,3
-0.46843555,-0.608890759,-0.224310411,1.4393019332840418,0.3998010830985559,1.3909366600603268,-0.359560363,0.4414072352880541,0.2757483105379374,-0.244074706,-0.050923101,0.0962637291739996,5,4
-0.553063667,0.6264854500185059,1.2366417174792923,0.703436795179202,-0.876006438,1.4688969292672664,1.1184612837930543,0.0108405165938044,-0.258349198,-0.225731787,-0.118848985,0.03405345099297,6,5
-0.685310603,0.7843922532455097,0.750190545842385,-1.604883529,-0.961843493,-1.065462955,0.0223709847472273,-0.229619716,0.0087126465356123,0.3533011593857898,-0.288657877,-0.139607541,3,3
-0.436358788,0.639454932601571,0.2631346249425779,-0.53838145,-0.733476734,-0.447632313,-0.319335943,0.1717831735943469,0.4665849309969433,0.0820912274848638,-0.072871161,-0.191867151,3,3
-0.14794884,0.6589092051118504,2.2102094956616174,0.1648063624523238,-0.232949268,-0.573436749,0.7218083143438279,0.0336052509280171,-0.081406754,-0.002912101,-0.303951503,-0.098711795,6,5
0.1279157064807123,-1.479166181,-1.080988681,0.2690231979191042,0.4022839934371577,0.7098573836774256,-0.752838566,-0.025168192,0.381398157492316,-0.294683922,-0.035578109,0.147238942501981,0,0
-0.711081012,-0.612133202,-2.170646404,-0.855123987,-0.485127976,0.0975717985830133,-0.026372996,-0.412874544,0.3067884450229517,-0.297001849,-0.081639365,0.0779720459396291,0,0
-0.572674847,-0.733076888,0.2632475910509217,-0.285267626,-0.848026539,1.5810614811042654,1.6380244582617316,-0.073544377,-0.267079121,-0.036830083,-0.334795664,0.0647214051854189,6,5
-0.163426083,-0.236332469,-2.17116248,-3.499344926,1.309359657284955,-0.645663462,-0.373336876,-0.607638482,0.2758055288189015,0.2835599372466896,-0.69937145,1.1808423553706728,0,0
-0.639061059,3.855984399995605,1.2358590809640266,-1.490396957,-0.476061043,-0.62189176,-0.026664958,-0.25862871,0.0541441075266439,0.1349658809417739,-0.195837673,0.1652491356533639,1,1
0.3936854211783078,0.6264854500185059,0.2634330680001217,-0.472504328,-0.905580786,1.4234641714827072,0.7118324321287577,0.3458285382721511,0.1414943109437879,-0.03746669,-0.260087007,0.0437542695111525,6,5
0.3073995965722327,2.050896793309449,-0.222960435,0.6350769343196777,-1.050748753,-0.196481974,-0.897669524,0.0288524422271491,0.0573419163920535,0.0328339018238272,-0.29503165,-0.002715519,1,1
-0.213536725,0.7633858465728786,-0.467797468,0.922530778062341,-0.30266965,0.9258246421678016,-0.677758187,0.4153639845698527,-0.038810021,0.1178939335217495,-0.147864977,0.0225769909705412,5,4
-0.014207898,0.3904342635852804,-0.710468714,-0.088481956,-0.572275178,0.7033429189544737,1.6165515399425976,-0.117363598,-0.251901438,-0.159737949,-0.211683976,0.0060993919502667,6,5
-0.509417284,-1.354007339,-0.467437792,-0.836569289,-0.446247825,-1.433460391,0.3062126278229315,-0.140995756,0.2028762956564738,0.1479008728622068,-0.271946391,-0.347491719,3,3
-0.158012503,1.4935184288993368,0.0303539737486043,0.1403678118467815,5.28332957089239,0.7442730811241611,0.5313601467625406,0.4025076697205798,0.2508892114986121,-0.087721109,-0.135767623,0.0522483589167741,2,2
0.3174863793681998,1.121932852625929,0.0196648438583439,-0.520215304,-0.704809674,1.497302177567685,0.3292331339590752,0.0405631527201037,-0.198126158,-0.076565989,0.0076929285964998,0.151195954708752,1,1
-0.121303833,-1.394079573,0.9930813143170156,1.4563860292168922,-0.754099329,-0.073083191,2.5738492394209325,0.1497873065712035,0.0570192797289952,-0.253883032,-0.267622542,0.0141444487023572,6,5
0.8636694313395675,-0.967831058,-1.439666197,0.1078528098567671,-0.943223534,0.3911231753666092,0.0245504089055672,0.1839836187169499,-0.114011545,0.0012887986061435,0.1616944190324912,-0.055107784,0,0
-0.859453467,1.121932852625929,0.0202537909858091,-1.951153786,-0.946081541,-0.704298886,0.0238758900239329,-0.339747206,-0.014909941,0.3060050923592472,-0.578625993,-0.027722523,3,3
-1.282462892,-1.664472613,-0.467446071,1.7639248419046294,-0.451354245,0.8211602455130765,0.3057966290421551,0.2284449343072815,-0.175882543,-0.219511212,-0.112340451,-0.047314819,6,5
-0.590136298,-0.403317997,0.2633321517212201,-0.363085507,-0.068701963,-0.667851089,-0.309411199,-0.240457913,0.4251167604782458,-0.238870579,0.0703933549767134,-0.049179341,3,3
0.1477836470777169,-0.364409452,0.7486470784165001,0.2654014897419027,-0.223388249,-0.514169791,0.2797683020590871,0.305729001287423,0.4583526516283117,-0.151486025,-0.048033192,0.1654056270533757,6,5
-0.561817022,-0.605648412,-1.203033732,0.5549934711739419,-1.055421148,-0.930403595,-0.897753653,-0.227143863,0.2771594837248208,-0.136652802,0.0091976113728697,-0.243436543,3,3
0.7844426592169462,0.4186301974667486,0.7466565635215824,-1.09222036,0.7207282384406333,-0.419619986,0.1797547680767594,-0.242124662,0.234349974005747,-0.117919227,-0.506014905,0.0344999456062922,3,3
-0.263912228,-1.726889931,-0.59226058,1.8938560932479307,2.7116685028443963,0.3001956557947096,0.747809909455984,0.54699018153095,0.2217283718605773,-0.250272026,-0.127587623,0.0801352959485739,2,2
0.3838027671276095,0.3168307382764241,0.993366384828518,0.4879294281820159,-0.84798223,-1.834040881,1.120817914534182,-0.261518455,-0.106223554,-0.083653297,-0.103135734,-0.402658056,6,5
-0.048477765,0.3168307382764241,1.9666343511080493,-0.613572708,-0.857304476,-0.931664166,1.119764010599173,-0.315248181,0.1263291036945455,-0.062523403,-0.339399297,-0.050140578,6,5
-0.685493734,-1.224957739,0.7500110547306894,1.2714314040258383,-0.869297424,1.4033912282751366,1.1191550690031726,0.5672685900337862,-0.346903955,0.0219705814407594,-0.130755584,-0.07979346,6,5
-0.17722694,1.5022728515289627,0.0199599354850334,0.5465635656323458,-0.827602639,0.5530657352074513,1.6397619234328118,0.1676551900199256,-0.217022024,-0.096946492,-0.215585088,-0.016588561,1,5
-0.058014327,-0.112146437,0.1446078623448225,1.9282285136763817,-0.630158777,-0.344583199,1.0945880165762305,0.0094836664402569,-0.317863197,-0.199150235,-0.537463863,-0.083266069,6,5
-0.195692673,0.0071761238057049,0.991757927384332,1.487872727178995,-0.114706392,-0.293740987,1.564849073249362,0.240718554813193,0.0802338595523126,-0.257795495,-0.043888331,-0.090739154,6,5
-0.472313124,-1.417235219,0.2630745818412997,-1.668923058,1.577994390322353,-1.12050224,-2.314898774,-0.595149939,0.0373001232481739,0.2833691287002829,0.1894380411652658,0.2204737702865835,2,2
-0.033972008,0.3168307382764241,0.0201428392441791,-0.951756829,-0.886743932,-1.241029457,0.7134406072193636,-0.299053762,0.358357910013053,-0.000585513,-0.29601962,-0.244400181,3,3
-0.705569929,-1.479166181,-1.685918657,1.5809430119824972,0.4473005724913323,1.3731345285453902,-0.44371248,0.35189877547694,-0.316022732,-0.047116725,-0.089275545,-0.091707588,5,4
0.69040652627021,0.6264854500185059,2.2102785401151905,-1.503470704,-1.031461365,-0.33017119,-0.896834409,0.0790658215881435,0.1082131400063066,0.3676887585593527,0.0191018814334435,-0.086959747,3,3
-1.01149492,-1.355304355,-1.189888975,-2.128938908,5.094692462678629,-0.818397916,-0.282068359,-0.480955953,0.3278034187753023,0.0880936275885094,-0.138230566,0.4623944160000607,2,2
-0.689471536,-1.231442431,2.453347613144531,0.4917212459805327,-0.888550325,-0.429834201,0.7125572996978675,0.2572282226562555,0.2383048037111014,-0.01248516,-0.193862553,-0.016649763,6,5
0.3686965723024652,-0.859856855,-1.443119181,0.800435380900284,0.6687337617982142,-0.208182693,-0.469978548,0.1504222621388528,0.2915327468422127,-0.179244274,-0.234039674,0.0015831890313128,5,4
-0.969226954,1.012985936126007,-1.440287831,0.2450635303191786,-0.655907671,0.4574815398038497,0.6884558717587211,-0.175582167,-0.346810406,-0.204303157,-0.026376675,0.1179587355012564,1,1
-0.887340685,-0.360518598,-0.954774403,-1.152311501,0.6333306135605798,-1.070593487,-0.384546534,-0.089793803,0.4565687625343627,0.129020663211055,-0.142026539,-0.253071097,3,3
-0.062120904,-0.107607074,1.723201563873049,-0.588278457,-0.829923839,-2.133530898,1.6390575211900746,-0.352783852,0.0253286055904866,0.0346816148530699,-0.312323819,-0.252322882,6,5
-0.014747748,-1.414965587,0.9936516377883272,-0.075896016,-0.991268629,-0.741106242,-0.601602088,-0.47490426,0.2148143694365069,-0.336526756,0.1029532844493953,-0.018910859,3,3
-0.545575774,0.3787617000791128,0.0191225370571762,0.9940799291732578,-0.430132337,1.437674590832401,0.6621754658669496,0.1955766719070672,-0.365698389,-0.12309398,-0.227688169,-0.014539796,6,5
-0.824546018,-0.177639465,-1.21082208,1.2719712496502775,-0.535398146,1.403487780564073,-0.652260967,-0.23577866,-0.364868327,-0.385818841,-0.151556598,0.1007281414746308,5,4
-0.689488986,-0.916924249,0.5042147054512234,-1.504129721,0.7198603605068546,-0.37277714,0.2239893764630627,-0.571946314,-0.139848378,0.1024197594871425,-0.504651274,0.1817003869413448,3,3
-0.956863974,-1.355304355,2.453043458283752,0.1426631089391955,-0.719969097,-1.549247068,-0.318898065,-0.002617416,-0.08837447,0.2963207961204239,0.0122559068409404,-0.4564618,6,3
-0.237770591,0.81227823815521,-0.703744162,-0.56248316,-0.237103846,1.617554814340855,0.6781194879378488,0.129460901832565,0.2848713397184616,-0.193501234,-0.461742234,0.1820264189931194,1,1
-0.012646076,2.0090686121911694,-0.952621505,-1.741724032,-0.75358165,0.1526275653710163,-0.276374037,-0.180831695,0.0055603517120032,0.2609134172770805,-0.093471111,0.0949388346010343,1,1
0.17773179038721,-1.386106888,-0.487056689,0.8600169234363275,-0.84435534,-0.958266056,1.6385505361872024,0.0552312321466277,-0.014786184,-0.086927085,-0.297010871,-0.237142175,6,5
0.1473621397578222,0.0071761238057049,1.4803788626689969,1.202783802752852,-0.694683076,-0.26084148,0.7286453187040625,-0.028277623,-0.095094414,-0.299210158,-0.124205109,-0.034156973,6,5
0.1778245927491923,0.3787617000791128,-0.953537153,-0.434966703,-0.716364589,-1.148600682,-0.00134726,-0.321926201,-0.028782731,0.0844191663173852,-0.036699022,-0.169604105,3,3
1.6143042399395384,-0.605648412,-0.570790876,-0.832612016,-0.333670215,-0.92969865,-0.591788605,-0.045956412,0.5515893025839167,-0.036639002,-0.089993756,-0.175028557,3,3
-0.076484291,0.3168307382764241,-0.709922897,-1.351695633,-0.875052138,-0.554596713,1.119127945211079,-0.141453798,0.5226079667363155,-0.125879928,-0.108883063,0.0982361725913384,3,3
0.3651199160191948,-0.916924249,0.0200514412734467,0.8968238783549496,-0.867633792,0.0799198380332112,1.1195114425907065,0.1349763180820163,0.1791678702058498,-0.24893005,-0.083006859,-0.045040838,6,5
-0.515069163,-0.364409452,0.2905846884768955,-1.104275288,-0.892593108,-1.440285324,0.7128822761145842,-0.510450759,-0.109172437,0.1693100484297613,-0.484628316,-0.366525044,3,3
0.8155244471762867,1.1997514378882252,0.9911392330282944,2.3927804481535992,0.2308770548023841,-0.082043836,-0.417921672,0.3062852910265488,-0.234549982,-0.094189767,-0.198542791,-0.185970605,5,4
-0.956750363,-0.143579536,2.209703890805364,-1.798007339,-0.742550381,-1.397762658,2.574422010152696,-0.468114064,0.0467815757676379,0.1362213422670171,-0.051942406,-0.143183364,6,3
-0.745609779,0.936140064489225,0.9936950714104186,0.8699268326623123,-0.305562454,-1.210667132,0.031530165154936,-0.014364111,0.2647158881491553,-0.066908857,-0.045827226,-0.192948439,6,5
-0.731452455,-0.921787817,0.2627986452855533,1.2366415786131288,-0.610282851,-0.766645084,-1.492535331,0.2183998131180163,0.3275911129886847,-0.010217149,-0.114351319,-0.10747239,3,3
-0.787836388,-0.298425582,-0.4666594,-1.24662044,-0.910375693,0.0088108115275439,1.1161766670866329,-0.446491952,-0.11306035,-0.055649104,-0.337611098,0.4463337601683473,3,3
0.1880487345922921,0.0169032600608446,-0.225552058,0.6790413169654878,0.2359546230157652,0.8406157345678171,-0.100913397,0.1731600223181498,-0.281482118,-0.036720365,-0.276897475,-0.058012968,5,4
-0.831198505,0.0023125556781351,0.7502448549893355,-1.14272783,-0.928347664,-0.159835036,0.0250997509212209,-0.202790607,0.0766337971925088,0.0361099832964748,-0.120522522,0.0786470622882184,3,3
-0.445108236,1.245794678959944,0.5043889319702379,0.9138713026421156,0.2228044920479854,-0.229309615,-0.102205528,0.1595620146023299,0.3011180892262508,-0.212350615,-0.224869772,0.1007307558587949,1,1
-0.989539232,-1.541097143,-0.467048885,-0.022571956,-0.63866864,-1.158827253,-2.026136363,0.1476102572522246,0.3751414411339664,0.1621343451198967,0.0469890664379543,-0.112640619,3,3
-0.395066733,-1.231442431,0.2609902004686868,-0.715126731,0.302489403516792,1.2978749578876074,0.5890904142251058,0.1502372021156949,0.2660574030225542,-0.184376798,0.0854726871112466,0.111664715217834,2,2
-0.216954216,0.0071761238057049,0.7490406188918787,-0.333164218,-0.042231839,-0.20508653,-0.03540716,-0.259867875,-0.048674298,-0.022929826,-0.237501233,0.0649479759040623,3,3
-0.727930014,0.3787617000791128,1.2369028446521804,1.1545201430061125,-0.618484598,-0.043184272,1.6564298278098983,-0.569008538,-0.363065883,-0.546774819,-0.102249811,-0.101419477,6,5
0.1691260216586991,-0.364409452,0.0187156993896714,0.4624525474769848,0.1611023012097268,-0.603161293,-0.684355538,-0.399011998,0.2095663332796587,-0.394288379,0.0208505172862236,-0.031363428,3,3
0.5217406610892704,-1.479166181,1.723056549225061,0.1912438437016748,-0.74612824,0.5310601461841812,2.5742777665164547,0.0159425655060193,0.0804963555177371,-0.289887309,-0.142767882,0.0145638041437576,6,5
-1.714234789,-0.983718779,-0.953244318,1.4361341278353894,-0.87545307,-0.302994521,1.1191688977934435,-0.21866939,-0.204346363,-0.34303948,-0.207738497,0.1182961492232117,6,5
1.5604557052203536,1.6355376086667337,-0.954012921,-0.036444537,-0.525859566,-1.208219878,-0.346285856,-0.449186531,-0.12316128,-0.030910097,-0.305561562,-0.312685219,1,1
-0.953868353,-0.331456604,0.99331666163391,0.813057541045738,-0.878649617,0.4035860959839751,1.118319569796173,-0.270464808,-0.210577721,-0.376478158,-0.240203243,0.0523442600761319,6,5
0.4439648979692691,0.6329701426743573,0.2635246226686534,-0.958566928,-0.915317291,-0.044207074,0.3562420337079962,-0.08353518,0.2191035612578828,0.0418320227507187,-0.151028679,-0.02166276,3,3
1.916614078213252,0.6264854500185059,-2.171927907,-1.45451848,0.1313998537594386,-0.321416003,-1.298212158,-0.04980868,0.0362761103094915,0.3630774144527302,-0.259789605,0.205418923600559,0,0
-0.027401521,-1.603028008,-0.223113344,0.5291599439263431,-0.913113144,0.3819260288477013,0.3565688259849767,0.0274581901979006,0.1460709656828406,-0.394928721,0.1797398575501308,0.0169716369385589,6,5
0.8948141200994302,-1.101744323,-0.953057622,-0.711602749,-0.963555293,-0.825919072,0.0227468352993893,-0.305047401,-0.086578137,0.0716906939976561,-0.342353655,-0.166345054,3,3
-0.191200025,-0.364409452,-0.709996305,-0.013460775,-0.837589899,-0.312474023,1.565581304901918,-0.565642033,-0.347945917,-0.293719083,-0.337629585,0.096213509008502,6,5
-0.643391797,-0.143934904,-0.710812795,-0.289372301,-0.057320155,0.874449232322194,-0.352421207,-0.657164501,-0.417724809,-0.341755569,0.0984041637114803,0.1000072996422182,3,2
-0.866740627,0.1414135945689899,-0.710064432,-1.019665309,-0.793026657,0.0681433091711517,-0.920758441,0.2285537997456946,0.4307459070807319,0.1723189443020762,-0.27541104,0.1680199274281033,3,3
-0.712916292,-0.286266662,-0.466488542,-2.515373454,-0.94668174,-0.469678526,0.3539077466937334,-0.426510722,-0.20918388,0.3087278112743888,-0.74271515,0.4742757072393372,3,3
-1.472601447,0.1310379501397201,-0.709528973,1.257314725137893,-0.292395817,1.4008664367475172,0.0331181001297975,0.1594446224358065,-0.020981381,-0.27746613,-0.04541367,-0.090326139,6,4
-0.078318792,0.3168307382764241,-0.223862364,-0.147894336,-0.593979259,-0.295376628,1.614636168952931,-0.071529863,-0.13952783,0.0189674318406561,-0.332261425,-0.042709509,6,5
1.313521804137136,3.392300282537963,0.9950445108907764,-0.377042699,0.6544892830619029,-0.585214079,0.794472322268385,-0.126838647,-0.210748356,-2.89e-05,-0.216462615,0.0077887384435516,1,1
-0.708843619,0.936140064489225,-0.466592933,1.416088317613275,-0.869381814,1.3867848662399676,1.1195162681378994,0.383165590147977,0.1011179087119034,-0.316088443,-0.120469442,0.0151323299354238,6,5
-0.973697355,-0.612133202,-0.466140237,1.2597390183436477,-1.064966509,-0.464143659,-1.440892284,-0.17929028,-0.018622281,-0.215756052,-0.060223254,-0.008619392,3,3
0.3163067366791025,-1.103689751,-0.091549455,-0.761283934,-0.470768854,-0.153844141,0.7031304029108078,-0.32428132,-0.134812756,-0.029746124,-0.336701138,0.1651484459849646,3,3
-1.014497155,-0.612133202,-0.954578147,0.0897179057658469,0.1517061882312826,-1.308933445,-0.699600078,-0.532088114,-0.081060752,-0.008760387,-0.219009819,-0.312463884,3,3
-0.189038672,1.121932852625929,-0.709790756,0.1669296957071967,-0.935237073,1.414356866134452,0.3549137110047184,0.0767594589091588,0.057378541336106,-0.318987589,-0.252342973,0.0431912098405126,1,1
0.7500240001778885,-0.921787817,0.9934014884845132,-0.368704391,-0.901812575,0.102431884233722,0.7119185681206197,-0.302835555,-0.161841014,-0.069867486,-0.176803351,0.0462001449764623,6,5
0.7793066478415972,0.6264854500185059,-0.953303357,0.3400044112000566,-0.815397641,1.2788740966252288,1.6410506732156425,0.0225575974942751,-0.343161541,-0.233976234,0.2335051455659239,0.1038275368413974,1,1
0.3873233806986567,2.050896793309449,0.5063016140865761,1.693539238890024,-0.641547861,0.3598719464694623,0.6890367873526052,0.3774876159246017,-0.028417756,-0.302221591,-0.325542957,-0.08419903,1,1
1.3838688768035683,-0.605648412,0.777351868141364,1.2272555643221643,-0.942872099,0.419659506583002,0.0239082973409897,0.5144186988092216,0.372981115298036,-0.337826505,0.1751161277163654,0.1181331903277716,5,4
-0.87971985,0.3904342635852804,0.5059429751415455,-1.418856845,0.6383318868666166,1.4208052456968006,-0.024122541,-0.261605207,-0.240581168,-0.012958112,0.0149936477990245,0.1236816081148876,2,2
-0.424300838,0.0071761238057049,-5.333272361,-0.493144258,-0.762517147,1.4197726857397863,2.5750774599636728,0.4510986096163905,0.397402544353109,-0.041660388,-0.163873696,0.2311388467170441,0,0
-0.433563541,0.3168307382764241,-0.954490533,-0.506895085,-0.277484445,0.3734787788243947,-0.370283462,0.1272131843487212,0.2344256433997234,-0.011433493,-0.344365252,0.0545190825793876,3,3
-0.431538131,-1.231442431,-1.900349298,-1.499598956,-0.037301785,-0.53746376,-0.034203974,-0.015270742,0.6149690897783571,0.0393386220652088,-0.023691596,-0.02685401,0,0
-0.291336411,-0.466871579,0.5059064521603751,0.710043857995088,-0.470089541,0.762272454951348,-0.02595764,0.1135449555035332,-0.076349583,-0.120058964,-0.18216275,-0.099820498,6,5
